id	lines	family	kind	issues	dates	sqlstates	gates	blocks	title	cells
E00	57-61	header	header		2026-08-23					
E01	62-305	comparison-membership	kept-superset	504,615,834,1060,1061,1065,1073,1205,1216,1233,1236,1249,1308,1309,1368,1369,1370,1372,1373,1374,1420	2024-01-02,2024-03-04,2026-09-22,2026-09-26,2026-09-27,2026-09-28	0A000,22003,22007,22P02,42703,42725,42803,42804,42809,42846,42883,42P01,42P20	TestArcBR,TestArcBRWherePostgresRefuses		Where PostgreSQL refuses by TYPE, wadjet refuses — and the supersets it keeps are the ones whose value is meaningful on every arm.	CAST(x AS TEXT) ;; CAST(x AS TEXT) ;; CAST(x AS TEXT) ;; v_dec IN        (SELECT CAST(v_i64 AS TEXT) …) ;; EXISTS (…        WHERE b.s = a.v) ;; v + 0 IN (SELECT s …)
E02	306-371	names-scopes	kept-superset	416,846,978,997,1008,1010,1012,1013	2026-09-08,2026-09-13,2026-09-24,2026-09-25	0A000	TestN1AResultWithNoColumnsIsRefused,TestN1AnAsyncResultDeclaresItsColumns,TestN1AnEmptyColumnListIsRefusedOnTheHTTPDoor,TestN1AnEmptyColumnListIsRefusedOnTheWire		A result with NO COLUMNS AT ALL is refused, where PostgreSQL answers with a header and zero rows.	SELECT * ;; SELECT * FROM a JOIN b JOIN c WHERE      false ;; GROUP BY ;; LEFT JOIN LATERAL
E03	372-384	other	divergence-of-value		2026-09-06	42501			Metadata visibility follows the effective table-access decision, where PostgreSQL shows it to anyone.	, whether or not it can SELECT the relation. Wadjet filters:      a relation an identity may not read is not listed by 
E04	385-393	other	refusal	931	2026-09-06				`auth.enabled: true` with no usable credential mechanism refuses startup, and a broken auth configuration refuses a hot reload.	
E05	394-400	other	refusal	930	2026-09-06				A policy condition attribute with no namespace is a load error.	
E06	401-435	set-operations	kept-superset	900	2026-09-05	22000	TestASetOperationOverTwoVectorWidths		A set operation over two VECTOR columns of different declared widths is REFUSED, where PostgreSQL answers.	UNION ALL
E07	436-456	names-scopes	mechanism-note	732	2026-09-04	42702,42703	TestAnUnnamedDerivedColumnCannotBeReferencedByItsPublishedName		An unnamed derived column is referenced by the BLOCK's spelling, not by its published name.	
E08	457-510	names-scopes	refusal		2026-09-05	42602,42622	TestATableNamedWithATraversalCannotWriteOutsideTheStore,TestEveryStoreRefusesABadKeyOnEveryOperation,TestNoDoorCreatesAColumnWhoseNameIsNotStorable,TestNoDoorCreatesARelationWhoseNameIsNotStorable,TestNoDoorCreatesARelationWhoseNameIsTooLong,TestNoStoreAcceptsAKeyThatCanLeaveItsBucket		A relation or column name must be one component of an object key.	
E09	511-535	set-operations	divergence-of-value	732,1079	2026-09-05,2026-09-18		TestArcF4BoundariesArePinned,TestSRAStarPublishesItsArmsOwnColumns,TestSRTheWireDeclaresAStarsOwnArms		A SET OPERATION does not take PostgreSQL's output-column names.	SELECT g + 1 FROM t UNION ALL SELECT g + 2 FROM t
E10	536-544	names-scopes	kept-superset	732	2026-09-04,2026-09-05				A call PostgreSQL rewrites keeps the name the query wrote, except where the rewrite is measured.	POSITION(x IN y)
E11	545-561	parameters-pgwire	mechanism-note	711	2026-09-03				A multi-statement simple-query string is not one transaction.	INSERT …; SELECT 1/0
E12	562-567	text-collation	divergence-of-value						Collation.	
E13	568-596	aggregates-windows	mechanism-note	569,1061	2026-08-25,2026-09-22	42883			MIN/MAX over BOOL, UUID, MACADDR and BYTEA.	
E14	597-606	containers	divergence-of-value						MAP and VECTOR ordering.	 over (and      wadjet's MIN/MAX over it is refused since arc BR, above; its ORDER BY is      unchanged), and ARRAY maps to PostgreSQL's 
E15	607-619	aggregates-windows	mechanism-note	570	2026-08-25				MIN/MAX over BYTES.	
E16	620-633	aggregates-windows	divergence-of-value	569	2026-08-25				A window's MIN/MAX declares its input's type too.	MIN(c) … GROUP BY g
E17	634-711	aggregates-windows	amendment-history					A01	CLOSED 2026-09-07 (#987, arc K2): a window SUM/AVG over an INTEGER column is EXACT and declares what PostgreSQL declares.	
E18	712-795	aggregates-windows	kept-superset	361,784,813,987	2026-09-04,2026-09-05,2026-09-06,2026-09-07		TestF1AWindowDeclaresTheSameTypeThroughADerivedTable,TestH2TheWindowDeclaredTypeCensus	A02,A03	A window SUM/AVG over an INTEGER column answers in float64 — wrong DIGITS, not only a wrong declaration.	SUM(w_i64) OVER (ORDER BY … ROWS …) ;; CAST(SUM(int8) OVER () AS BIGINT)
E19	796-902	numeric-decimal	divergence-of-value	950	2026-09-14	22003		A04,A05	ARITHMETIC over two REALs computes in `double precision`, where PostgreSQL computes it in `real`.	SUM(r * 1.0::real)
E20	903-927	aggregates-windows	refusal	987	2026-09-07,2026-09-08	0A000	TestAWindowFunctionRefusesDISTINCT		`DISTINCT` inside a window call is REFUSED, not answered.	
E21	928-978	aggregates-windows	divergence-of-value	834,953,987	2026-09-07,2026-09-08			A06	`SUM`/`AVG` over PORT and PROTOCOL follow `int4`'s result types.	
E22	979-1002	names-scopes	divergence-of-value	613,958	2026-09-04,2026-09-07	0A000	TestArcK1AColumnAliasListRenamesPositionally		A column-alias list over a `SELECT *` is not applied.	SELECT * ;; SELECT * FROM (SELECT * FROM t) AS b(kk, nn) ;;  over a JOIN. There the list cannot be      applied truthfully and is REFUSED in one sentence (0A000) rather than      dropped. Gated by      
E23	1003-1017	names-scopes	refusal	959,1076	2026-09-18	42701,42702	TestArcPSParserReadsTheColumnAliasListGrammar		A column-alias list that REPEATS a name is refused (42701), where PostgreSQL accepts the list.	FROM t a(k, k)
E24	1018-1032	names-scopes	refusal	851,959,1158	2026-09-18	0A000	TestArcPSGrammarAnswersTheSameOnEveryArm		A column-alias list on a reference to a `WITH` query is refused (0A000).	WITH c(x, y) AS (…)
E25	1033-1057	names-scopes	kept-superset	655	2026-09-18	42702			A BARE reference to a `JOIN … USING` join's MERGED column is 42702 outside a sort or window key, where PostgreSQL answers.	JOIN … USING ;; SELECT id FROM a JOIN b      USING (id) ;; psb FULL JOIN psa USING (id) ORDER BY id
E26	1058-1086	names-scopes	kept-superset	655	2026-09-18	0A000			A bare `SELECT *` over a FULL `JOIN … USING` cannot be ORDERED BY the merged column (0A000), where PostgreSQL answers.	SELECT * ;; JOIN … USING ;; psb FULL JOIN psa USING (id) ;; ROW_NUMBER() OVER (ORDER BY id)
E27	1087-1099	names-scopes	amendment-history					A07	A `BETWEEN` of any spelling inside a `JOIN … ON` clause is refused.	
E28	1100-1110	lateral-subqueries	refusal	1153	2026-09-18				A SUBQUERY inside an OUTER join's `ON` clause is refused.	
E29	1111-1122	names-scopes	kept-superset	1153	2026-09-18		TestJRAOuterJoinOnResidualsAgreeOnFiveArms		A `FULL JOIN` on a non-equi `ON` condition ANSWERS, where PostgreSQL refuses.	FULL JOIN
E30	1123-1138	numeric-decimal	kept-superset	1155	2026-09-18	22003,2201F			The `^` operator answers two spellings PostgreSQL's lexer and operator table reject.	SELECT 2 ^ -1
E31	1139-1155	names-scopes	kept-superset	557	2026-09-03	42702			`ORDER BY <name>` over two output columns of that name is answered, not refused.	ORDER BY <name> ;; SELECT abs(a), abs(b) ;; ORDER BY 2
E32	1156-1188	names-scopes	kept-superset	1094	2026-09-13,2026-09-18	42702	TestArcSRAStarOverAPolicedArmNeverPublishesTheOtherArmsValue,TestSRAStarPublishesItsArmsOwnColumns,TestSRTheWireDeclaresAStarsOwnArms		A QUALIFIED reference into a block that publishes the name TWICE binds the first, where PostgreSQL refuses it.	SELECT d.*, x.id FROM (SELECT * FROM lat_ord o JOIN lat_item li ON …) d      JOIN lat_ord x ON x.id = d.id
E33	1189-1204	names-scopes	amendment-history					A08	`PARTITION BY <bare name>` over two join arms that both publish it is answered, not refused.	
E34	1205-1323	names-scopes	kept-superset	731	2026-09-03	42702,42703,42P01			A FOLDED identifier resolves case-insensitively when exactly one column matches.	SELECT 1 AS Ä ;; SELECT WatchID FROM hits ;; SELECT mixedcol FROM      clt4, clt5 WHERE clt4.k = clt5.k ;; SELECT "mixedcol" ;; SELECT k ;; FROM MyTab
E35	1324-1368	containers	mechanism-note	769	2026-09-04	0A000,42702,42P01			An UNPARENTHESISED `container.field` is a ROW FIELD PATH, where PostgreSQL requires `(container).field`.	SELECT x.id, (c_row).b FROM n x      JOIN n y ON x.id = y.id + 1
E36	1369-1418	temporal	mechanism-note	367,560,692,836,840,1266	2020-01-01,2020-02-30,2026-09-03,2026-09-22	01T05,22007,22008,22023			TIMESTAMP is `timestamp without time zone`, and a literal's offset is DISCARDED.	'…+05:30'::timestamp ;; '…+05:30'::timestamptz AT TIME ZONE 'UTC' ;; CAST(<bad literal> AS TIMESTAMP)
E37	1419-1459	parameters-pgwire	divergence-of-value	721,834	2026-09-03	42883			PORT and PROTOCOL are `int4` on the wire; DURATION is `int8` NANOSECONDS.	
E38	1460-1468	temporal	kept-superset	836,840	2026-09-03	22007,22008,42846	TestCastTemporalRefusalStopsAtText		A temporal CAST over a box with no temporal reading keeps NULL.	CAST(<text> AS DATE|TIMESTAMP)
E39	1469-1487	temporal	kept-superset	911	2020-02-30,2026-09-06	22003,22008,42846	TestAnInt32DomainRefusalHoldsOnEveryArm,TestAnOutOfRangeCastRefusesAtTheDoor		An INTEGER cast to DATE is a wadjet SUPERSET, and its out-of-range refusal is `22003`, not `22008`.	2932896::date ;; 3000000000::date ;; 9223372036854775807::date
E40	1488-1657	network	amendment-history					A09	CLOSED 2026-09-15 (#1092, #627, #986): a CAST to a network type reads its text.	
E41	1658-1694	temporal	refusal	639,641,836,840	2026-09-03,2026-09-04	22007,22008	TestCastToDateRaisesForTextThatNamesNoDay,TestCastToDateStillReadsTheYearsAroundTheRefusal		The CAST door reads the engine's ONE temporal accept-set, and inherits its refusals.	CAST(<text> AS DATE|TIMESTAMP)
E42	1695-1836	comparison-membership	divergence-of-value	459,492,504,546,565,646,721	2026-08-24,2026-08-25,2026-09-03	22P02,42883			A TEXT value compared against a NUMBER.	WHERE s = 1.5 ;; s IS DISTINCT FROM      1.5 ;; WHERE s = 1.5 ;; WHERE s > 1.5 ;; WHERE k > '2' ;; DELETE 0
E43	1837-1855	numeric-decimal	divergence-of-value	505	2026-08-24	22P02,42725			Unary minus over a QUOTED string literal.	SELECT -'abc' ;; -'5'::numeric
E44	1856-1868	aggregates-windows	kept-superset	590	2026-08-25	42803			The grouping rule has no functional-dependency escape here.	SELECT id, name FROM t GROUP BY id
E45	1869-1885	names-scopes	kept-superset	591	2026-08-25	42703			HAVING sees the SELECT list's output aliases; PostgreSQL's does not.	SELECT k, COUNT(*) AS c FROM t GROUP BY k HAVING c > 1
E46	1886-1927	numeric-decimal	mechanism-note	463,592	2026-08-25	22P02,42846			CAST(<integer> AS BOOLEAN) over the WHOLE integer family.	1::int4::boolean ;; 1::bigint::int::bool ;; CAST(c AS BOOLEAN) ;; SELECT (f)::BOOLEAN ;; WHERE (f)::BOOLEAN
E47	1928-1967	numeric-decimal	mechanism-note	534,555,647	2026-08-29	22003,22P02			NaN and ±Infinity are DECIMAL comparison literals only, never stored values.	CAST(x AS DECIMAL(p,s)) ;; CAST('NaN' AS DECIMAL(9,2)) ;; CAST('NaN' AS DECIMAL) ;; GROUP BY
E48	1968-1973	names-scopes	kept-superset	593,617,1220	2026-09-20,2026-09-23		TestArcRSAQualifiedReferenceNamesOneRelationInScope,TestArcRSAQualifiedReferenceNamesOneRelationOnEveryArm		A JOIN's ON condition can reference comma-join siblings; PostgreSQL rejects this.	SELECT ... FROM a, b JOIN c ON a.k = c.k ;; invalid reference to FROM-clause entry ;; FROM a JOIN b ON c.x = a.x JOIN c ON … ;; missing FROM-clause entry ;; invalid reference to FROM-clause entry
E49	1974-1989	lateral-subqueries	refusal	809	2026-09-03	42803			An aggregate of the OUTER level inside a subquery's WHERE is refused; PostgreSQL accepts it.	HAVING (SELECT MAX(k)      FROM dim d WHERE d.k = SUM(t.g)) > 0
E50	1990-2001	numeric-decimal	kept-superset	749	2026-09-02	22003			An EXACT decimal operator raises where PostgreSQL answers, past the carrier.	
E51	2002-2014	aggregates-windows	kept-superset	703	2026-09-02				DISTINCT is accepted for aggregates PostgreSQL refuses it for.	
E52	2015-2044	names-scopes	divergence-of-value	732,744	2026-09-03		TestBothPathsNameAnUnaliasedExpressionTheSameWay		An unaliased expression is named after its own TEXT, not `?column?`.	SELECT COUNT(*) ;;  | its full text |      | a CAST, 
E53	2045-2056	names-scopes	mechanism-note	738	2026-09-03	42803	TestTheIdentityErasesAQualifierAndATypeSynonym		A qualified GROUP BY term with an unqualified select item.	SELECT g + 1 ... GROUP BY typemx.g + 1
E54	2057-2119	names-scopes	mechanism-note	655,810	2026-09-03	0A000,42P10		A10,A11	`SELECT *` over a join or a USING join, in three places.	SELECT * ;; SELECT * FROM a JOIN b ORDER BY 1 ;; SELECT * FROM a JOIN b USING (c)
E55	2120-2214	network	mechanism-note	579,627	2026-08-28,2026-09-03,2026-09-05	22P02	TestANetworkLiteralHasOneDispositionAtEverySite,TestArcF3ExprTypingOnEveryArm,TestEveryFirstOctetFollowsPostgresInet,TestMaskMayNotNameAByteTheLiteralDidNotWrite,TestNetworkLiteralGrammarIsPostgresInet		Abbreviated CIDR and inet literals.	
E56	2215-2326	text-collation	divergence-of-value	708,838	2026-09-03,2026-09-04	22001,22023,42601	TestStringCastEnforcesItsLengthAndStillDropsTheDeclaration,TestVarcharCastDeclaresItsLengthOnTheWire		A `VARCHAR(n)` or `CHAR(n)` cast ENFORCES its `n` and still does not DECLARE it; a short `CHAR(n)` is not padded.	CAST('abcdef' AS VARCHAR(4)) ;; CAST(x AS      VARCHAR(4)) ;; CAST(x AS VARCHAR) ;; CAST(x AS CHAR(n))
E57	2327-2372	numeric-decimal	refusal	361	2026-09-04	22003	TestInt32StoreKeepsTheNumberOrRefuses,TestIntegerMinimumIsLoudOnEveryArm,TestIntegerOutOfRangeReaches22003OnTheWire		An integer result with no room in its declared type FAILS; it is never a wrapped number — and the check is at the STORE, not in the kernel.	WHERE ABS(<int4 column>) > 2147483646
E58	2373-2423	other	refusal	652	2026-09-04	42704	TestUnknownCastDestinationIsUndefinedObject,TestUnknownCastTypeIsRefusedAndKnownOnesStillAnswer		A CAST to a type name this engine does not have is 42704, on both doors — including PostgreSQL type names it has no type for.	CAST(1 AS bogustype) ;; CAST(<float column> AS bogustype) ;; ), and the alternative on the CAST door was a value      under a 
E59	2424-2466	temporal	divergence-of-value	544	2023-11-14,2026-09-04	14T00	TestTimestampHasOneRenderingAtEverySite		A timestamp-VALUED scalar function DECLARES text where PostgreSQL declares timestamp.	
E60	2467-2530	temporal	divergence-of-value	544,868,870	2026-08-31,2026-09-04,2026-09-05	04T21	TestEveryClockFunctionReadsOneZone,TestPgPostmasterStartTime		`NOW`, `CURRENT_TIMESTAMP` and `PG_POSTMASTER_START_TIME` render a ZONELESS instant at MILLISECOND resolution where PostgreSQL renders a `ti	
E61	2531-2573	network	refusal	627	2026-09-05	0A000,22P02		A12	A network PREFIX has no place in an IPV4 or IPV6 column.	'2001:db8::/64' ;; '::1/128'
E62	2574-2581	text-collation	mechanism-note		2026-09-18	42883			`ENCODE` takes BYTES and not text.	encode('hi'::text, 'hex')
E63	2582-2647	text-collation	refusal	570,582,583,627	2026-09-05,2026-09-18	42883	TestByteaFunctionsAnswerInBytes		A text-only function over a BYTES argument raises 42883.	POSITION(sub IN b)
E64	2648-2682	numeric-decimal	divergence-of-value	764	2026-09-05			A13	A DECIMAL composite renders every row at the FOLD's scale, not at each value's own.	
E65	2683-2697	other	refusal	694,956	2026-09-07	42939			The `__`-prefixed column namespace is RESERVED, where PostgreSQL has no such namespace.	
E66	2698-2710	lateral-subqueries	kept-superset	979	2026-09-07		TestArcJ1AHiddenSlotIsNotInTheRowDescription		A QUALIFIED star over a LATERAL join publishes the whole join.	SELECT o.* ;; SELECT s.* ;; j1ord o JOIN LATERAL (…) s ;; SELECT * ;; SELECT o.* ;; SELECT s.*
E67	2711-2724	lateral-subqueries	kept-superset	984	2026-09-07				On the DISTRIBUTED arms, a star over a NON-aggregated LATERAL still publishes the inner correlation column under its SOURCE name.	
E68	2725-2849	names-scopes	amendment-history					A14	CLOSED 2026-09-07 by arc K3 (#984): on the DISTRIBUTED arms `SELECT *` showed the STAGE's stream and not the query's projection.	
E69	2850-2881	names-scopes	amendment-history					A15	CLOSED 2026-09-07 by arc K3 (#978): a zero-row `SELECT *` over a JOIN carried no columns at all	
E70	2882-2899	lateral-subqueries	kept-superset	977	2026-09-07	0A000	TestArcJ1AnOnConditionOverADefaultedColumnIsRightOrLoud		A written `ON` over an unrepaired LATERAL with an empty-input default is REFUSED (0A000) where PostgreSQL answers.	
E71	2900-2920	lateral-subqueries	kept-superset	1302	2026-09-24,2026-09-25	0A000	TestArcJP4RoutedLateralIsRightOnlyWhenSingleIsRight,TestArcJPALateralOuterExpressionKeyAnswersOnEveryArm		A bare `SELECT *` over a LATERAL whose correlated equality has an EXPRESSION on its outer side is REFUSED (0A000) where PostgreSQL answers.	SELECT *
E72	2921-2940	lateral-subqueries	refusal		2026-09-25	0A000,42000			A LATERAL body's correlated predicate that reads the enclosing relation through a subquery whose FROM holds a LATERAL join is REFUSED (0A000	EXISTS (SELECT 1 FROM j JOIN      LATERAL (…) t ON true WHERE j.id = q.qid AND t.xv > 5)
E73	2941-2949	lateral-subqueries	refusal		2026-09-25	0A000			A window in a correlated LATERAL body beside a NON-EQUALITY correlated condition, or in an UNGROUPED aggregate body, is REFUSED (0A000) wher	
E74	2950-2981	lateral-subqueries	kept-superset	1045	2026-09-12	0A000	TestArcC2ASubqueryReadsTheRowItIsCorrelatedOn		A CORRELATED subquery holding a WINDOW CALL is REFUSED (0A000) where PostgreSQL answers.	SELECT id, (SELECT 1+SUM(u.id) OVER ()      FROM users x WHERE x.id=1) FROM users u ;; ORDER BY u.id
E75	2982-3034	lateral-subqueries	refusal	1018,1044	2026-09-12	0A000,42803	TestArcC2ASubqueryReadsTheRowItIsCorrelatedOn		A correlated subquery whose body is a SET OPERATION or a LATERAL body, and one holding an aggregate the ENCLOSING query owns, are REFUSED (0	ORDER BY CAST(1 AS      BIGINT) ;; (SELECT COUNT(*) FROM x GROUP BY u.id, x.id      ORDER BY x.id LIMIT 1) ;; (SELECT u.id FROM x WHERE x.id=1 UNION ALL SELECT u.id FROM y      WHERE y.id=99) ;; SELECT MAX((SELECT u.id)) FROM users u ;; SELECT id, (SELECT MAX(u.id) FROM x) FROM      users u
E76	3035-3051	lateral-subqueries	kept-superset	1104	2026-09-20,2026-09-22	0A000	TestArcDCAnUnqualifiedOuterReferenceBindsWhereTheBodyCannotSupplyIt		An UNQUALIFIED outer reference inside a correlated subquery's body is bound as PostgreSQL binds it, except where the body's namespace cannot	
E77	3052-3111	extensions	kept-superset	965	2026-09-08,2026-09-12	0A000,22008,22012,42804,42809	TestABarBreaksATieByValueWhenThe,TestPGWireDeclaresABarFieldTheSameWithRowsAndWithout,TestPGWireRendersTheBarAsAPostgresComposite,TestTheBarDeclaresTheSameThingOnBothWireDoors,TestTheBarIsTheSameOnEveryArm,TestTheBars,TestTheBarsDeclaredTypeIsTheSameOnEveryArm,TestTimeBucket,TestTypeMatrixAnswersTheSameUnderEvery		`OHLCV` and `TIME_BUCKET` are EXTENSIONS, and their oracle is PostgreSQL spelled out.	SELECT (OHLCV(ts, price, size)).open FROM trades
E78	3112-3144	numeric-decimal	divergence-of-value	813,901,951,1018,1029,1070	2026-09-15	22003			int4 ARITHMETIC and an integer CAST declare `bigint` where PostgreSQL declares `integer`, and the reason is a TWO-PATH one.	CAST(99999 AS SMALLINT)
E79	3145-3191	containers	divergence-of-value	965,992,1133,1337	2026-09-08,2026-09-15,2026-09-24	0A000,42846,42883	TestAZeroRowArrayResultKeepsItsDeclaration		A ROW column declares OID 25 (text), not `record` 2249.	ROW(1::int4, 2.5::float8, 'x'::text) ;; x::int[] ;; CAST(ARRAY[1,2] AS JSON)
E80	3192-3220	aggregates-windows	kept-superset	965	2026-09-08	0A000	TestAnAggregateWithNoWindowFormRefusesRatherThanCrashing		An aggregate with no window form is REFUSED (0A000) where PostgreSQL answers.	<agg> OVER (PARTITION BY g ORDER BY x)
E81	3221-3435	extensions	kept-superset	517,631,966,1018,1043	2026-09-08,2026-09-11	0A000,22023,22P02,42601	TestAnUnknownFlagNameOutranksANullFlagsArgument,TestPGWireRefusesAnInvalidFlagNameInEveryExpressionPosition,TestPGWireRefusesAnInvalidFlagNameWithNoRows,TestTCPFlagASTCoverage,TestTCPFlagValidationDoors,TestTheTCPFlagFamilyAnswersPostgresBitArithmetic,TestTheTCPFlagFamilyAnswersPostgresBitArithmeticEndToEnd,TestTheTCPFlagPredicatesAreTheBitArithmetic		The TCP flag family is an EXTENSION, and each function names the PostgreSQL spelling it is equivalent to.	SELECT NULL::bigint & 'x'::bigint ;; SELECT 'x'::int FROM (VALUES (1)) t WHERE false ;; SELECT date_trunc('BOGUS', NULL::timestamp) ;; SELECT tcp_flags_has_all(f8,'BOGUS') FROM tcpflow WHERE id < 0 ;; ORDER BY ;; GROUP BY
E82	3436-3784	extensions	kept-superset	361,874,966,1018,1034,1037	2026-09-08,2026-09-11,2026-09-15	22003,22023,42804	TestABitwiseOperatorIsExactOverASixtyFourBitPattern,TestAnIntegerFunctionsValueSurvivesTheArithmeticAboveIt,TestEveryIntegerDeclaredFunctionNamesItsPostgresResultWidth,TestFromHexRequiresTheWholeString,TestNDDeclarationsMatchPostgres,TestPGWireDeclaresSumOverAMaterializedIntegerColumn,TestPGWireDeclaresSumOverAScalarSubqueryColumn,TestPGWireDeclaresSumOverAnIntegerFunction,TestScalarSubqueryAggregateMatrix,TestTheBitwiseFamilyDeclaresIntegers,TestThePostgresResultWidthTableMatchesTheMeasuredTranscript,TestTheTCPFlagFamilyAnswersPostgresBitArithmetic,TestTheWholeBitwiseFamilyIsExact,TestToHexRendersTheArgumentsOwnWidth		The bitwise family reads its argument exactly and answers an integer; `bigint` where PostgreSQL answers `int4` for int4 operands.	pg_typeof(2::int8 & 18::int8) ;; bit_count(x::bit(64)) ;; 1::int8 << 65 ;; masklen('10.0.0.0/24'::cidr) ;; bit_count('\x0102'::bytea) ;; SELECT SUM(v) FROM (SELECT BITWISE_AND(id,3) AS v FROM users) s
E83	3785-3807	extensions	divergence-of-value	966,992,1017	2026-09-08,2026-09-24		TestATopLevelTCPFlagsProjectionIsTextToday		`tcp_flags` declares an ARRAY and a top-level projection of it is TEXT.	SELECT tcp_flags(f) ;; SELECT      tcp_flags(f)
E84	3808-3827	extensions	refusal	966	2026-09-08	22023			`has_tcp_flag` and `tcp_flags_from_string` now REFUSE a name they do not know.	
E85	3828-4160	extensions	kept-superset	432,967,1017,1055	2020-04-10,2026-09-11,2026-09-24	22003,22023	TestARangeAtTheAcceptanceBoundKeepsTheRowsItNames,TestARangeOffTheGrammarIsRefused,TestARangeOverGoModulePseudoVersions,TestARangeWithATrivialLowerBoundAnswersWhatNodeSemverAnswers,TestBuildMetadataHasNoPrecedence,TestCompilingACallWithAConstantRangeRefusesBeforeAnyRow,TestEveryGeneratedBoundSaturatesAtTheAcceptanceBound,TestEverySemverFunctionIsStrictOnNull,TestNoAlternativeKeepsATrivialLowerBound,TestNoDesugaringOverTheCorpusRendersANegativeComponent,TestSemverParseAcceptsTheGrammarAndRefusesEverythingElse,TestSemverPrecedenceIsTheSpecificationsOwnExample,TestSemverRangeValidationDoors,TestTheBinderLeavesANonConstantSemverRangeAlone,TestTheBinderRefusesAConstantSemverRangeInEveryExpressionPosition,TestTheBoundTableCoversEveryRaiseSite,TestTheNodeSemverPrereleaseRule,TestTheRangeGrammarMatchesTheNodeSemverTable,TestTheRangeMemoIsBoundedAndRemembersRefusals,TestTheRangeSpellingsThisGrammarAccepts,TestTheSortKeysByteOrderIsPrecedenceOverAGeneratedCorpus,TestTheSortKeysStructuralBytesOrderBelowEveryIdentifierByte,TestTheStrictTwinRaisesWhereTheLenientOneAnswersNull,TestTheStripAppliesToTheParsedComparator,TestTheTrivialLowerBoundAnswersWhatNodeSemverAnswers		The semver family is an EXTENSION, and the SPECIFICATION is its oracle because PostgreSQL has no semver at all.	SELECT count(*) FROM pg_proc WHERE proname ILIKE '%semver%' ;; (string_to_array(v,'.')::int[])[1..3] ;; string_to_array(a,'.')::int[] < string_to_array(b,'.')::int[] ;; (string_to_array('1.2.3','.')::int[]) < (string_to_array('1.10.0','.')::int[]) ;; split_part(v,'.',1)::int ;; ::bigint
E86	4161-4168	lateral-subqueries	amendment-history					A16	WITHDRAWN the same day (arc J1 round 3): the refusal of `SELECT *` over a LATERAL whose ungrouped COUNT can see no rows.	
E87	4169-4201	lateral-subqueries	kept-superset	979	2026-09-07			A17	A qualified star ALONE over a lateral join publishes the whole join.	SELECT o.*
E88	4202-4237	lateral-subqueries	kept-superset	997,1012	2026-09-13,2026-09-14,2026-09-25		TestArcO2ADerivedBlockPublishesItsVisibleList,TestO1AStarOverAJoinPublishesTheQueryNotThePlan,TestO1TheWireDeclaresAStarJoinsOwnArms		The published NAME of an UNALIASED item inside a block a LATERAL reads is its expression text, where PostgreSQL publishes `?column?`.	SELECT * FROM      lat_ord o JOIN LATERAL (SELECT order_id, i.amount + 1 FROM lat_item i      WHERE i.order_id = o.id) s ON true ;; SELECT * FROM (SELECT order_id, amount + 1 FROM lat_item) x      JOIN lat_ord o ON true
E89	4238-4261	names-scopes	kept-superset		2026-09-13	0A000,42702	TestArcJ1AQualifiedStarExpandsFromTheRelationsOutput,TestArcO2ADerivedBlockPublishesItsVisibleList		A QUALIFIED star over a block that publishes TWO columns of one name is REFUSED, where PostgreSQL answers the pair.	SELECT x.* FROM (SELECT      a.id, b.id FROM lat_item a JOIN lat_item b …) x ;; SELECT x.id FROM (SELECT a.id, b.id …) x ;; (SELECT * FROM lat_ord o JOIN      lat_item li ON …) d
E90	4262-4279	lateral-subqueries	refusal	1019	2026-09-13,2026-09-24	0A000	TestArcLTACorrelatedBodyIsEvaluatedPerOuterRowOnEveryArm		Some bounded correlated LATERAL bodies are refused.	
E91	4280-4292	lateral-subqueries	kept-superset	1008	2026-09-07		TestArcJ1AHiddenSlotIsNotInTheRowDescription		A star over a NON-aggregated LATERAL publishes PostgreSQL's columns in a different ORDER.	SELECT * FROM o JOIN LATERAL (SELECT amount …) li
E92	4293-4310	recursion	refusal		2026-09-22	0A000,42804,42P01,53200,54000	TestArcRCRecursiveCTEAnswersItsWholeClosureOrFails		A recursive CTE's fixed point is bounded, and a few recursive shapes PostgreSQL refuses are answered.	WITH RECURSIVE
E93	4311-4351	dml-assignment	refusal	1043,1353,1392,1406,1407,1408,1409	2026-09-28	22P02,42702,42704,42803,42804,42883,42P01,42P20			An integer assignment rounds by the source's PostgreSQL type; the writes PostgreSQL refuses are refused before a row is written, with six re	CAST(<float-carried numeric> AS INTEGER) ;; CAST(5 / 2.0 AS INTEGER) ;; CAST(j->>'k' AS INTEGER) ;; CAST(n AS TEXT) * 2
A01	634-711	aggregates-windows	amendment-block	841,987	2026-09-07,2026-09-08	22003	TestF1AWindowDeclaresTheSameTypeThroughADerivedTable,TestTheWindowAndGroupedIntegerSumWriteTheSameValue	parent=E17 whole-bullet	CLOSED 2026-09-07 (#987, arc K2): a window SUM/AVG over an INTEGER column is EXACT and declares what PostgreSQL declares.	ORDER BY ;; SUM(bigint_col::bigint) ;; ::int4 ;; ::bigint ;; SUM(x::numeric) ;; SUM(x::float8)
A02	768-779	aggregates-windows	amendment-block	760,950	2026-09-14			parent=E18	That FLOAT32 cell's VALUE half CLOSED 2026-09-14 (arc NV, #950).	
A03	780-795	aggregates-windows	amendment-block	950,1118	2026-09-14,2026-09-15		TestAMovingFloatWindowFrameCarriesTheRecomputedValue,TestNDDeclarationsMatchPostgres	parent=E18	That DECLARATION half CLOSED 2026-09-15 (arc ND, #1118).	
A04	825-848	numeric-decimal	amendment-block	1117	2026-09-15	22003		parent=E19	CLOSED 2026-09-15 (arc ND, #1117), and the DECLARATION was the whole of it.	
A05	849-902	numeric-decimal	amendment-block	1117	2026-09-15			parent=E19	Amended 2026-09-15 (arc ND round 2): the declaration is the whole of it for a PROJECTED value, and for nothing else.	r + 1.0::real UNION ALL <a float8 arm> ;; CAST(SUM(x) OVER () AS BIGINT)
A06	941-978	aggregates-windows	amendment-block	1000	2026-09-14		TestAComputedIntegerWindowArgumentDeclaresPostgresOID,TestH2TheWindowDeclaredTypeCensus	parent=E21	That gap CLOSED 2026-09-14 (arc NV, #1000), and it was not only a type.	
A07	1087-1099	names-scopes	amendment-block	655,1154,1178	2026-09-18		TestJRAOuterJoinOnResidualsAgreeOnFiveArms,TestSplitJoinConjunctsSplitsOnTheASTNotTheText	parent=E27 whole-bullet	A `BETWEEN` of any spelling inside a `JOIN … ON` clause is refused.	JOIN … ON
A08	1189-1204	names-scopes	amendment-block	367,975,1161,1162	2026-09-07,2026-09-20	42702	TestArcK1AWindowPartitionKeyBindsItsOwnArm	parent=E33 whole-bullet	`PARTITION BY <bare name>` over two join arms that both publish it is answered, not refused.	
A09	1488-1657	network	amendment-block	310,443,627,834,901,986,1088,1092,1137,1141	2026-09-06,2026-09-15,2026-09-18	0A000,22003,22P02,42804	TestANetworkCastOnTheWire,TestAStringTypedExpressionCastToPortIsFC7sOpenCell,TestAStringTypedExpressionCastToPortReadsTheTypesGrammar,TestAValueEnteringPortOrProtocolIsHeldToTheTypesRange,TestCastToANetworkTypeParsesItsOperand,TestCastToANetworkTypeStillPassesThrough,TestEveryNetworkTypeReadsOneTextGrammarAtEveryBoundary,TestNetworkTextGrammarAnswersTheSameOnEveryArm	parent=E40 whole-bullet	CLOSED 2026-09-15 (#1092, #627, #986): a CAST to a network type reads its text.	CAST('abc' AS IPV4|IPV6|CIDR|MACADDR) ;; ) and read by the writer, the      CAST, the plan-time literal classifier and the runtime comparison alike.       ;; '::1/064' ;; INSERT … VALUES ;; UPDATE ;; CAST(70000 AS PORT)
A10	2069-2078	names-scopes	amendment-block	997,1012	2026-09-13		TestOrderByResolvesAPositionAfterTheStarExpands	parent=E54	The FIRST of the three is CLOSED (2026-09-13, arc O1, #997/#1012): a star over a join IS expanded now	
A11	2079-2119	names-scopes	amendment-block	810,982	2026-09-07,2026-09-18	0A000,42P10	TestArcK1AStarIsItsSourceInItsPosition,TestSRAStarPublishesItsArmsOwnColumns,TestSRTheWireDeclaresAStarsOwnArms	parent=E54	The SECOND is CLOSED TOO (2026-09-18, arcs PS and SR).	SELECT * FROM (SELECT * FROM zzp) x ORDER BY 1 ;; SELECT * FROM (SELECT … UNION ALL SELECT …) u ORDER BY 2 ;; VALUES
A12	2547-2573	network	amendment-block		2026-09-05	0A000,22P02	TestArcF3ExprTypingOnEveryArm,TestNetworkLiteralRefusalIsOnePredicate,TestPlanTimeNeverRefusesPGValidNetworkLiteral	parent=E61	(Amended 2026-09-05 after review.) The refusal is decided at TYPING time,	'192.168'::inet
A13	2663-2682	numeric-decimal	amendment-block		2026-09-05		TestLiteralScaleInADecimalFold	parent=E64	(Corrected 2026-09-05 after review. The first version of this entry named	CAST(COALESCE(d152, 12.3456789012345) AS VARCHAR)
A14	2725-2849	names-scopes	amendment-block	984,993,997,1012	2026-09-07,2026-09-08,2026-09-13		TestArcJ1APublishedKeyIsAUserColumn,TestArcK3ADerivedBlockPublishesItsOwnProjection,TestArcK3NoBlockItemKindRoutesSilently,TestO1AStarOverAJoinPublishesTheQueryNotThePlan,TestO1TheWireDeclaresAStarJoinsOwnArms	parent=E68 whole-bullet	CLOSED 2026-09-07 by arc K3 (#984): on the DISTRIBUTED arms `SELECT *` showed the STAGE's stream and not the query's projection.	SELECT * ;;  PostgreSQL 17's      column set and values.       THE ROUTE THAT STOOD IN FOR IT IS RETRIGGERED, NOT DELETED.       ;; SELECT * FROM t a      JOIN t b ON a.id = b.id ;; WHERE a.id < 100 ;; SELECT * FROM lat_ord o JOIN lat_item i ON i.order_id =      o.id JOIN lat_ord o2 ON o2.id = i.order_id
A15	2850-2881	names-scopes	amendment-block	846,978	2026-09-07		TestZeroRowSelectDescribesLikeItsNonEmptyTwin	parent=E69 whole-bullet	CLOSED 2026-09-07 by arc K3 (#978): a zero-row `SELECT *` over a JOIN carried no columns at all	SELECT * ;; SELECT * ;; SELECT * FROM kord o JOIN (SELECT order_id, amount      FROM kitem WHERE …) s
A16	4161-4168	lateral-subqueries	amendment-block	977				parent=E86 whole-bullet	WITHDRAWN the same day (arc J1 round 3): the refusal of `SELECT *` over a LATERAL whose ungrouped COUNT can see no rows.	SELECT *
A17	4183-4201	lateral-subqueries	amendment-block	979	2026-09-13		TestArcJ1AHiddenSlotIsNotInTheRowDescription,TestArcJ1AQualifiedStarExpandsFromTheRelationsOutput,TestArcK1AStarIsItsSourceInItsPosition,TestArcO2ADerivedBlockPublishesItsVisibleList,TestPolicyMaskingIsPlanTimeOnEveryDoor	parent=E87	The LATERAL's own star is no longer among them — CLOSED 2026-09-13 by arc O2.	ORDER BY
