id	SQL including setup	answer	expected	matches
DR	"[""SELECT CAST(1.25 AS NUMERIC(10,2)), CAST('abcdef' AS VARCHAR(3))""]"	"[{""sql"": ""SELECT CAST(1.25 AS NUMERIC(10,2)), CAST('abcdef' AS VARCHAR(3))"", ""answer"": [{""columns"": [[""numeric"", 1700, 655366], [""varchar"", 1043, 7]]}, {""row"": [""1.25"", ""abc""]}, {""command"": ""SELECT 1""}]}]"	1.25,abc; ordinary value check, cache synchronization checked in code	yes
PW-limit	"[[""SELECT generate_series FROM generate_series(1,3) LIMIT $1"", [], [""1""]]]"	"[{""sql"": [""SELECT generate_series FROM generate_series(1,3) LIMIT $1"", [], [""1""]], ""answer"": [{""parameters"": [20]}, {""columns"": [[""generate_series"", 23, -1]]}, {""row"": [""1""]}, {""command"": ""SELECT 1""}]}]"	1; parameter bigint	yes
NX-refusal	"[""SELECT CAST(9223372036854775808 AS DATE)""]"	"[{""sql"": ""SELECT CAST(9223372036854775808 AS DATE)"", ""answer"": [{""error"": [""SERROR"", ""VERROR"", ""C42846"", ""Mcannot cast type numeric to date"", """", """"]}]}]"	42846	yes
RN-flags	"[""SELECT regexp_replace('abc','a','x','n')""]"	"[{""sql"": ""SELECT regexp_replace('abc','a','x','n')"", ""answer"": [{""error"": [""SERROR"", ""VERROR"", ""C0A000"", ""Mregexp_replace flag \""n\"" is not supported"", """", """"]}]}]"	0A000	yes
RD-all	"[""SELECT id,k FROM read_json('/tmp/codex-hk9-tmp/seamb-late-key.json', sample_size=-1) WHERE id=2200""]"	"[{""sql"": ""SELECT id,k FROM read_json('/tmp/codex-hk9-tmp/seamb-late-key.json', sample_size=-1) WHERE id=2200"", ""answer"": [{""columns"": [[""id"", 20, -1], [""k"", 20, -1]]}, {""row"": [""2200"", ""7""]}, {""command"": ""SELECT 1""}]}]"	2200,7	yes
TB-range	"[""CREATE TABLE t (id INT)"", ""INSERT INTO t VALUES (1)"", ""SELECT * FROM t TABLESAMPLE BERNOULLI (101)""]"	"[{""sql"": ""CREATE TABLE t (id INT)"", ""answer"": [{""columns"": [[""result"", 25, -1]]}, {""row"": [""Table \""t\"" created""]}, {""command"": ""SELECT 1""}]}, {""sql"": ""INSERT INTO t VALUES (1)"", ""answer"": [{""command"": ""INSERT 0 1""}]}, {""sql"": ""SELECT * FROM t TABLESAMPLE BERNOULLI (101)"", ""answer"": [{""error"": [""SERROR"", ""VERROR"", ""C2202H"", ""Msample percentage must be between 0 and 100"", """", """"]}]}]"	2202H	yes
WD-type	"[""CREATE TABLE t (id INT,s TEXT)"", ""INSERT INTO t VALUES (1,'a')"", ""SELECT LAG(s,1,2.5) OVER (ORDER BY id) FROM t""]"	"[{""sql"": ""CREATE TABLE t (id INT,s TEXT)"", ""answer"": [{""columns"": [[""result"", 25, -1]]}, {""row"": [""Table \""t\"" created""]}, {""command"": ""SELECT 1""}]}, {""sql"": ""INSERT INTO t VALUES (1,'a')"", ""answer"": [{""command"": ""INSERT 0 1""}]}, {""sql"": ""SELECT LAG(s,1,2.5) OVER (ORDER BY id) FROM t"", ""answer"": [{""error"": [""SERROR"", ""VERROR"", ""C42883"", ""Mfunction lag(text, integer, numeric) does not exist"", """", """"]}]}]"	42883	yes
MO-text	"[""CREATE TABLE t (s TEXT)"", ""INSERT INTO t VALUES ('8')"", ""SELECT s % 2 FROM t""]"	"[{""sql"": ""CREATE TABLE t (s TEXT)"", ""answer"": [{""columns"": [[""result"", 25, -1]]}, {""row"": [""Table \""t\"" created""]}, {""command"": ""SELECT 1""}]}, {""sql"": ""INSERT INTO t VALUES ('8')"", ""answer"": [{""command"": ""INSERT 0 1""}]}, {""sql"": ""SELECT s % 2 FROM t"", ""answer"": [{""error"": [""SERROR"", ""VERROR"", ""C42883"", ""Moperator does not exist: text % integer"", """", """"]}]}]"	42883	yes
MO-zero	"[""SELECT 8 % 0""]"	"[{""sql"": ""SELECT 8 % 0"", ""answer"": [{""error"": [""SERROR"", ""VERROR"", ""C22012"", ""Mdivision by zero"", """", """"]}]}]"	22012	yes
TC-now	"[""SELECT TIMESTAMP '2024-01-01' < 'now'""]"	"[{""sql"": ""SELECT TIMESTAMP '2024-01-01' < 'now'"", ""answer"": [{""error"": [""SERROR"", ""VERROR"", ""C22007"", ""Minvalid input syntax for type timestamp: \""now\"""", """", """"]}]}]"	22007	yes
TI-op	"[""SELECT TIMESTAMP 'infinity' - TIMESTAMP '2024-01-01'""]"	"[{""sql"": ""SELECT TIMESTAMP 'infinity' - TIMESTAMP '2024-01-01'"", ""answer"": [{""error"": [""SERROR"", ""VERROR"", ""C22008"", ""M`-` between dates or timestamps is not defined for an infinite timestamp"", """", """"]}]}]"	22008	yes
BY-bad	"[""SELECT CAST('a\\b' AS BYTES)""]"	"[{""sql"": ""SELECT CAST('a\\b' AS BYTES)"", ""answer"": [{""error"": [""SERROR"", ""VERROR"", ""C22P02"", ""Minvalid input syntax for type bytea"", """", """"]}]}]"	22P02	yes
BY-output	"[""CREATE TABLE t (s TEXT)"", ""INSERT INTO t SELECT DECODE('6869','hex')"", ""SELECT s FROM t""]"	"[{""sql"": ""CREATE TABLE t (s TEXT)"", ""answer"": [{""columns"": [[""result"", 25, -1]]}, {""row"": [""Table \""t\"" created""]}, {""command"": ""SELECT 1""}]}, {""sql"": ""INSERT INTO t SELECT DECODE('6869','hex')"", ""answer"": [{""command"": ""INSERT 0 1""}]}, {""sql"": ""SELECT s FROM t"", ""answer"": [{""columns"": [[""s"", 25, -1]]}, {""row"": [""\\x6869""]}, {""command"": ""SELECT 1""}]}]"	\x6869	yes
ADR-0021-2c	"[""CREATE TABLE t (id INT)"", ""INSERT INTO t VALUES (1),(2),(3)"", ""SELECT count(*) FROM t a JOIN t b ON a.id=b.id WHERE a.id IN (SELECT id FROM t LIMIT 1)""]"	"[{""sql"": ""CREATE TABLE t (id INT)"", ""answer"": [{""columns"": [[""result"", 25, -1]]}, {""row"": [""Table \""t\"" created""]}, {""command"": ""SELECT 1""}]}, {""sql"": ""INSERT INTO t VALUES (1),(2),(3)"", ""answer"": [{""command"": ""INSERT 0 3""}]}, {""sql"": ""SELECT count(*) FROM t a JOIN t b ON a.id=b.id WHERE a.id IN (SELECT id FROM t LIMIT 1)"", ""answer"": [{""columns"": [[""count"", 20, -1]]}, {""row"": [""1""]}, {""command"": ""SELECT 1""}]}]"	1	yes
ADR-0021-2d	"[""WITH s AS (SELECT random() AS r) SELECT (SELECT r FROM s) = (SELECT r FROM s)""]"	"[{""sql"": ""WITH s AS (SELECT random() AS r) SELECT (SELECT r FROM s) = (SELECT r FROM s)"", ""answer"": [{""columns"": [[""?column?"", 16, -1]]}, {""row"": [""t""]}, {""command"": ""SELECT 1""}]}]"	t	yes
ADR-0024	"[""SELECT CAST(5 / 2.0 AS INTEGER)""]"	"[{""sql"": ""SELECT CAST(5 / 2.0 AS INTEGER)"", ""answer"": [{""columns"": [[""int4"", 20, -1]]}, {""row"": [""3""]}, {""command"": ""SELECT 1""}]}]"	3	yes
ADR-0026	"[""CREATE TABLE t (i INT)"", ""INSERT INTO t VALUES (1),(2),(3)"", ""SELECT i % 2,count(*) FROM t GROUP BY mod(i,2) ORDER BY 1""]"	"[{""sql"": ""CREATE TABLE t (i INT)"", ""answer"": [{""columns"": [[""result"", 25, -1]]}, {""row"": [""Table \""t\"" created""]}, {""command"": ""SELECT 1""}]}, {""sql"": ""INSERT INTO t VALUES (1),(2),(3)"", ""answer"": [{""command"": ""INSERT 0 3""}]}, {""sql"": ""SELECT i % 2,count(*) FROM t GROUP BY mod(i,2) ORDER BY 1"", ""answer"": [{""columns"": [[""?column?"", 23, -1], [""count"", 20, -1]]}, {""row"": [""0"", ""1""]}, {""row"": [""1"", ""2""]}, {""command"": ""SELECT 2""}]}]"	0,1;1,2	yes
ADR-0039	"[""SELECT id,k FROM read_json('/tmp/codex-hk9-tmp/seamb-late-key.json', sample_size=-1) WHERE id=2200""]"	"[{""sql"": ""SELECT id,k FROM read_json('/tmp/codex-hk9-tmp/seamb-late-key.json', sample_size=-1) WHERE id=2200"", ""answer"": [{""columns"": [[""id"", 20, -1], [""k"", 20, -1]]}, {""row"": [""2200"", ""7""]}, {""command"": ""SELECT 1""}]}]"	2200,7	yes
ADR-0046	"[""SELECT 1""]"	"[{""sql"": ""SELECT 1"", ""answer"": [{""columns"": [[""?column?"", 25, -1]]}, {""row"": [""1""]}, {""command"": ""SELECT 1""}]}]"	1; smoke statement only; runner policy checked against deploy/gates, no runner launched	yes; SQL smoke only
ADR-0012	"[""SELECT -'5'""]"	"[{""sql"": ""SELECT -'5'"", ""answer"": [{""columns"": [[""?column?"", 701, -1]]}, {""row"": [""-5""]}, {""command"": ""SELECT 1""}]}]"	-5; double precision	yes
MOD-example	"[""SELECT MOD(17,5)""]"	"[{""sql"": ""SELECT MOD(17,5)"", ""answer"": [{""columns"": [[""mod"", 23, -1]]}, {""row"": [""2""]}, {""command"": ""SELECT 1""}]}]"	2	yes
