file	narration lines at HEAD
docs/adr/0006-never-oom-memory-model.md	1
docs/adr/0012-amendments.md	15
docs/adr/0012-divergences/aggregates-windows.md	5
docs/adr/0012-divergences/comparison-membership.md	4
docs/adr/0012-divergences/containers.md	1
docs/adr/0012-divergences/dml-assignment.md	2
docs/adr/0012-divergences/extensions.md	23
docs/adr/0012-divergences/lateral-subqueries.md	13
docs/adr/0012-divergences/names-scopes.md	4
docs/adr/0012-divergences/network.md	4
docs/adr/0012-divergences/numeric-decimal.md	2
docs/adr/0012-divergences/other.md	2
docs/adr/0012-divergences/recursion.md	1
docs/adr/0012-divergences/set-operations.md	2
docs/adr/0012-divergences/temporal.md	1
docs/adr/0012-divergences/text-collation.md	5
docs/adr/0012-sql-semantics-authority.md	30
docs/adr/0018-parquet-file-numbers-are-input.md	6
docs/adr/0019-query-scoped-panic-boundary.md	2
docs/adr/0020-drop-table-reclaim-is-opt-in.md	9
docs/adr/0021-subquery-name-resolution-and-set-materialization.md	79
docs/adr/0022-a-row-field-path-is-not-a-column-reference.md	7
docs/adr/0024-decimal-is-finite-fixed-point-with-postgres-result-types.md	11
docs/adr/0025-a-stage-never-carries-what-its-fragment-will-not-run.md	23
docs/adr/0026-a-group-key-has-one-identity-and-one-name.md	28
docs/adr/0027-a-spill-gate-proves-it-spilled.md	1
docs/adr/0028-operational-invariants-breaker-scope-and-query-reclamation.md	2
docs/adr/0031-a-dml-predicate-is-not-planned.md	1
docs/adr/0036-a-query-sourced-write-is-one-statement-one-commit.md	9
docs/adr/0037-one-module-two-licenses.md	1
docs/adr/0039-a-table-function-in-from-is-a-relation.md	8
docs/adr/0041-an-embedded-catalog-is-a-directory-opened-the-way-serve-opens-it.md	1
docs/adr/0044-the-system-catalog-is-relations-the-engine-scans.md	3
docs/adr/0045-a-container-declares-its-element-and-renders-once.md	24
docs/adr/0046-gate-runners-off-the-host.md	3
