row id	SQL including setup; parameter tuples are SQL, OIDs, text values	answer	matches row	expected
aggregates-windows#r9	"[""CREATE TABLE t (id INT, b BIGINT, d DOUBLE, x INT, o INT, g INT, c_bytes BYTES)"", ""INSERT INTO t VALUES (1,10,1.5,1,1,1,'hi'),(2,20,6.5,2,1,1,'ab')"", ""SELECT STRING_AGG(c_bytes, ',') FROM t""]"	"[{""sql"": ""CREATE TABLE t (id INT, b BIGINT, d DOUBLE, x INT, o INT, g INT, c_bytes BYTES)"", ""answer"": [{""columns"": [[""result"", 25, -1]]}, {""row"": [""Table \""t\"" created""]}, {""command"": ""SELECT 1""}]}, {""sql"": ""INSERT INTO t VALUES (1,10,1.5,1,1,1,'hi'),(2,20,6.5,2,1,1,'ab')"", ""answer"": [{""command"": ""INSERT 0 2""}]}, {""sql"": ""SELECT STRING_AGG(c_bytes, ',') FROM t"", ""answer"": [{""error"": [""SERROR"", ""VERROR"", ""C0A000"", ""Mstring_agg over bytea is not supported"", """", """"]}]}]"	yes	ERROR 0A000
aggregates-windows#r14	"[""CREATE TABLE t (id INT, b BIGINT, d DOUBLE, x INT, o INT, g INT, c_bytes BYTES)"", ""INSERT INTO t VALUES (1,10,1.5,1,1,1,'hi'),(2,20,6.5,2,1,1,'ab')"", ""SELECT STDDEV(x) OVER (PARTITION BY g ORDER BY x) FROM t""]"	"[{""sql"": ""CREATE TABLE t (id INT, b BIGINT, d DOUBLE, x INT, o INT, g INT, c_bytes BYTES)"", ""answer"": [{""columns"": [[""result"", 25, -1]]}, {""row"": [""Table \""t\"" created""]}, {""command"": ""SELECT 1""}]}, {""sql"": ""INSERT INTO t VALUES (1,10,1.5,1,1,1,'hi'),(2,20,6.5,2,1,1,'ab')"", ""answer"": [{""command"": ""INSERT 0 2""}]}, {""sql"": ""SELECT STDDEV(x) OVER (PARTITION BY g ORDER BY x) FROM t"", ""answer"": [{""error"": [""SERROR"", ""VERROR"", ""C0A000"", ""MSTDDEV is not supported as a window function; the window functions are ROW_NUMBER, RANK, DENSE_RANK, SUM, COUNT, AVG, MIN, MAX, LAG, LEAD, FIRST_VALUE, LAST_VALUE, NTILE, PERCENT_RANK, CUME_DIST, NTH_VALUE"", """", """"]}]}]"	yes	ERROR 0A000 listing the sixteen window functions (aggregates: SUM, COUNT, AVG, MIN, MAX)
aggregates-windows#r18	"[""CREATE TABLE t (id INT, b BIGINT, d DOUBLE, x INT, o INT, g INT, c_bytes BYTES)"", ""INSERT INTO t VALUES (1,10,1.5,1,1,1,'hi'),(2,20,6.5,2,1,1,'ab')"", ""SELECT FIRST_VALUE('b') OVER (ORDER BY id), LAG(NULL) OVER (ORDER BY id) FROM t""]"	"[{""sql"": ""CREATE TABLE t (id INT, b BIGINT, d DOUBLE, x INT, o INT, g INT, c_bytes BYTES)"", ""answer"": [{""columns"": [[""result"", 25, -1]]}, {""row"": [""Table \""t\"" created""]}, {""command"": ""SELECT 1""}]}, {""sql"": ""INSERT INTO t VALUES (1,10,1.5,1,1,1,'hi'),(2,20,6.5,2,1,1,'ab')"", ""answer"": [{""command"": ""INSERT 0 2""}]}, {""sql"": ""SELECT FIRST_VALUE('b') OVER (ORDER BY id), LAG(NULL) OVER (ORDER BY id) FROM t"", ""answer"": [{""columns"": [[""first_value"", 25, -1], [""lag"", 25, -1]]}, {""row"": [""b"", null]}, {""row"": [""b"", null]}, {""command"": ""SELECT 2""}]}]"	yes	'b' as text on every row; NULL on every row
aggregates-windows#r19	"[""CREATE TABLE t (id INT, b BIGINT, d DOUBLE, x INT, o INT, g INT, c_bytes BYTES)"", ""INSERT INTO t VALUES (1,10,1.5,1,1,1,'hi'),(2,20,6.5,2,1,1,'ab')"", ""SELECT LAG(x, o) OVER (ORDER BY id), LAG(x, o + 1) OVER (ORDER BY id), NTILE(o) OVER (ORDER BY id), LAG(x, (SELECT 1)) OVER (ORDER BY id) FROM t""]"	"[{""sql"": ""CREATE TABLE t (id INT, b BIGINT, d DOUBLE, x INT, o INT, g INT, c_bytes BYTES)"", ""answer"": [{""columns"": [[""result"", 25, -1]]}, {""row"": [""Table \""t\"" created""]}, {""command"": ""SELECT 1""}]}, {""sql"": ""INSERT INTO t VALUES (1,10,1.5,1,1,1,'hi'),(2,20,6.5,2,1,1,'ab')"", ""answer"": [{""command"": ""INSERT 0 2""}]}, {""sql"": ""SELECT LAG(x, o) OVER (ORDER BY id), LAG(x, o + 1) OVER (ORDER BY id), NTILE(o) OVER (ORDER BY id), LAG(x, (SELECT 1)) OVER (ORDER BY id) FROM t"", ""answer"": [{""error"": [""SERROR"", ""VERROR"", ""C0A000"", ""Mthe integer argument of lag must be a constant here: o is not supported (PostgreSQL evaluates it per row; write a constant)"", """", """"]}]}]"	yes	ERROR 0A000 the integer argument of lag must be a constant here; a constant expression is folded and answers (`LAG(x, 2 - 1)`), except `LAG(x, '1' + 1)`, typed numeric by the fold: 42883 where PostgreSQL reads 2
aggregates-windows#r21	"[""CREATE TABLE t (id INT, b BIGINT, d DOUBLE, x INT, o INT, g INT, c_bytes BYTES)"", ""INSERT INTO t VALUES (1,10,1.5,1,1,1,'hi'),(2,20,6.5,2,1,1,'ab')"", ""SELECT LAG(b, 1, 10 / (id - 2)) OVER (ORDER BY id) FROM t""]"	"[{""sql"": ""CREATE TABLE t (id INT, b BIGINT, d DOUBLE, x INT, o INT, g INT, c_bytes BYTES)"", ""answer"": [{""columns"": [[""result"", 25, -1]]}, {""row"": [""Table \""t\"" created""]}, {""command"": ""SELECT 1""}]}, {""sql"": ""INSERT INTO t VALUES (1,10,1.5,1,1,1,'hi'),(2,20,6.5,2,1,1,'ab')"", ""answer"": [{""command"": ""INSERT 0 2""}]}, {""sql"": ""SELECT LAG(b, 1, 10 / (id - 2)) OVER (ORDER BY id) FROM t"", ""answer"": [{""error"": [""SERROR"", ""VERROR"", ""C22012"", ""Mdivision by zero"", """", """"]}]}]"	yes	ERROR 22012 division by zero: the default is materialized as a column and evaluated on every row, so a default that raises on a row it does not fill raises the query
aggregates-windows#r22	"[""CREATE TABLE t (id INT, b BIGINT, d DOUBLE, x INT, o INT, g INT, c_bytes BYTES)"", ""INSERT INTO t VALUES (1,10,1.5,1,1,1,'hi'),(2,20,6.5,2,1,1,'ab')"", ""SELECT LAG(b, 1, 'a') OVER (ORDER BY id) FROM t WHERE id > 100""]"	"[{""sql"": ""CREATE TABLE t (id INT, b BIGINT, d DOUBLE, x INT, o INT, g INT, c_bytes BYTES)"", ""answer"": [{""columns"": [[""result"", 25, -1]]}, {""row"": [""Table \""t\"" created""]}, {""command"": ""SELECT 1""}]}, {""sql"": ""INSERT INTO t VALUES (1,10,1.5,1,1,1,'hi'),(2,20,6.5,2,1,1,'ab')"", ""answer"": [{""command"": ""INSERT 0 2""}]}, {""sql"": ""SELECT LAG(b, 1, 'a') OVER (ORDER BY id) FROM t WHERE id > 100"", ""answer"": [{""columns"": [[""lag"", 20, -1]]}, {""command"": ""SELECT 0""}]}]"	yes	no rows: the default is coerced when a row reads it; over rows it is 22P02 as on PostgreSQL. A quoted literal default of an ARRAY value raises `cannot store string into ARRAY vector` (no SQLSTATE) where PostgreSQL raises 22P02 malformed array literal
aggregates-windows#r23	"[""CREATE TABLE t (id INT, b BIGINT, d DOUBLE, x INT, o INT, g INT, c_bytes BYTES)"", ""INSERT INTO t VALUES (1,10,1.5,1,1,1,'hi'),(2,20,6.5,2,1,1,'ab')"", ""SELECT LAG(b, 1, (SELECT max(d) FROM t)) OVER (ORDER BY id) FROM t""]"	"[{""sql"": ""CREATE TABLE t (id INT, b BIGINT, d DOUBLE, x INT, o INT, g INT, c_bytes BYTES)"", ""answer"": [{""columns"": [[""result"", 25, -1]]}, {""row"": [""Table \""t\"" created""]}, {""command"": ""SELECT 1""}]}, {""sql"": ""INSERT INTO t VALUES (1,10,1.5,1,1,1,'hi'),(2,20,6.5,2,1,1,'ab')"", ""answer"": [{""command"": ""INSERT 0 2""}]}, {""sql"": ""SELECT LAG(b, 1, (SELECT max(d) FROM t)) OVER (ORDER BY id) FROM t"", ""answer"": [{""error"": [""SERROR"", ""VERROR"", ""C42000"", ""Mexecuting query: source next: batch: cannot store string into INT64 vector (#361 silent-write guard)"", """", """"]}]}]"	no; corrected	"ERROR, no SQLSTATE: `cannot store string into INT64 vector` on the single-process arms, `window key project: compile window key ""((SELECT max(d) FROM t))""` on the DAG arms; a constant subquery (`(SELECT 9)`) answers"
comparison-membership#r1	"[""CREATE TABLE t (id BIGINT, s TEXT, d NUMERIC(10,2), bt BYTES)"", ""INSERT INTO t VALUES (12,'1.50',12.50,'hi'),(14,'x',14.00,'ab')"", ""SELECT id FROM t WHERE s = 1.50""]"	"[{""sql"": ""CREATE TABLE t (id BIGINT, s TEXT, d NUMERIC(10,2), bt BYTES)"", ""answer"": [{""columns"": [[""result"", 25, -1]]}, {""row"": [""Table \""t\"" created""]}, {""command"": ""SELECT 1""}]}, {""sql"": ""INSERT INTO t VALUES (12,'1.50',12.50,'hi'),(14,'x',14.00,'ab')"", ""answer"": [{""command"": ""INSERT 0 2""}]}, {""sql"": ""SELECT id FROM t WHERE s = 1.50"", ""answer"": [{""columns"": [[""id"", 20, -1]]}, {""row"": [""12""]}, {""command"": ""SELECT 1""}]}]"	yes	compares s with the literal's source text '1.50': 1 row; s = 1.5 matches none (measured)
comparison-membership#r6	"[""CREATE TABLE t (id BIGINT, s TEXT, d NUMERIC(10,2), bt BYTES)"", ""INSERT INTO t VALUES (12,'1.50',12.50,'hi'),(14,'x',14.00,'ab')"", ""SELECT id FROM t WHERE id IN (SELECT '12')""]"	"[{""sql"": ""CREATE TABLE t (id BIGINT, s TEXT, d NUMERIC(10,2), bt BYTES)"", ""answer"": [{""columns"": [[""result"", 25, -1]]}, {""row"": [""Table \""t\"" created""]}, {""command"": ""SELECT 1""}]}, {""sql"": ""INSERT INTO t VALUES (12,'1.50',12.50,'hi'),(14,'x',14.00,'ab')"", ""answer"": [{""command"": ""INSERT 0 2""}]}, {""sql"": ""SELECT id FROM t WHERE id IN (SELECT '12')"", ""answer"": [{""columns"": [[""id"", 20, -1]]}, {""row"": [""12""]}, {""command"": ""SELECT 1""}]}]"	yes	12 (a FROM-less literal body folds into the IN list, as id IN ('12'); measured)
comparison-membership#r8	"[""CREATE TABLE t (id BIGINT, s TEXT, d NUMERIC(10,2), bt BYTES)"", ""INSERT INTO t VALUES (12,'1.50',12.50,'hi'),(14,'x',14.00,'ab')"", ""SELECT id FROM t WHERE id <> ALL (SELECT s FROM t)""]"	"[{""sql"": ""CREATE TABLE t (id BIGINT, s TEXT, d NUMERIC(10,2), bt BYTES)"", ""answer"": [{""columns"": [[""result"", 25, -1]]}, {""row"": [""Table \""t\"" created""]}, {""command"": ""SELECT 1""}]}, {""sql"": ""INSERT INTO t VALUES (12,'1.50',12.50,'hi'),(14,'x',14.00,'ab')"", ""answer"": [{""command"": ""INSERT 0 2""}]}, {""sql"": ""SELECT id FROM t WHERE id <> ALL (SELECT s FROM t)"", ""answer"": [{""error"": [""SERROR"", ""VERROR"", ""C42883"", ""Moperator does not exist: bigint = text"", """", """"]}]}]"	yes	ERROR 42883 naming = (read as NOT IN)
comparison-membership#r9	"[""CREATE TABLE t (id BIGINT, s TEXT, d NUMERIC(10,2), bt BYTES)"", ""INSERT INTO t VALUES (12,'1.50',12.50,'hi'),(14,'x',14.00,'ab')"", ""SELECT id FROM t WHERE '14.0000000000000000000000000000000000000001' IN (SELECT d FROM t)""]"	"[{""sql"": ""CREATE TABLE t (id BIGINT, s TEXT, d NUMERIC(10,2), bt BYTES)"", ""answer"": [{""columns"": [[""result"", 25, -1]]}, {""row"": [""Table \""t\"" created""]}, {""command"": ""SELECT 1""}]}, {""sql"": ""INSERT INTO t VALUES (12,'1.50',12.50,'hi'),(14,'x',14.00,'ab')"", ""answer"": [{""command"": ""INSERT 0 2""}]}, {""sql"": ""SELECT id FROM t WHERE '14.0000000000000000000000000000000000000001' IN (SELECT d FROM t)"", ""answer"": [{""error"": [""SERROR"", ""VERROR"", ""C22003"", ""Mnumeric field overflow: the literal \""14.0000000000000000000000000000000000000001\"" has no exact value in this engine's DECIMAL, which holds at most 38 significant digits and scale 38 and no NaN or infinity, so it is not compared with a NUMERIC member at any other precision (PostgreSQL's numeric is unconstrained and answers)"", """", """"]}]}]"	yes	ERROR 22003 numeric field overflow naming the literal, every arm (measured)
comparison-membership#r10	"[""CREATE TABLE t (id BIGINT, s TEXT, d NUMERIC(10,2), bt BYTES)"", ""INSERT INTO t VALUES (12,'1.50',12.50,'hi'),(14,'x',14.00,'ab')"", ""SELECT id FROM t WHERE sqrt(12.5 * 12.5) IN (SELECT d FROM t)""]"	"[{""sql"": ""CREATE TABLE t (id BIGINT, s TEXT, d NUMERIC(10,2), bt BYTES)"", ""answer"": [{""columns"": [[""result"", 25, -1]]}, {""row"": [""Table \""t\"" created""]}, {""command"": ""SELECT 1""}]}, {""sql"": ""INSERT INTO t VALUES (12,'1.50',12.50,'hi'),(14,'x',14.00,'ab')"", ""answer"": [{""command"": ""INSERT 0 2""}]}, {""sql"": ""SELECT id FROM t WHERE sqrt(12.5 * 12.5) IN (SELECT d FROM t)"", ""answer"": [{""error"": [""SERROR"", ""VERROR"", ""C0A000"", ""Mthe membership's outer operand sqrt(12.5 * 12.5) is computed from numeric constants that this engine evaluates in double precision and cannot fold to their exact value (sqrt(12.5 * 12.5)), so it is not compared with the subquery at float8 (PostgreSQL computes it as numeric)"", """", """"]}]}]"	yes	ERROR 0A000 naming the operand, every arm (measured); exp, ln, power the same
comparison-membership#r14	"[""CREATE TABLE t (id BIGINT, s TEXT, d NUMERIC(10,2), bt BYTES)"", ""INSERT INTO t VALUES (12,'1.50',12.50,'hi'),(14,'x',14.00,'ab')"", ""SELECT string_agg(bt, ',') FROM t""]"	"[{""sql"": ""CREATE TABLE t (id BIGINT, s TEXT, d NUMERIC(10,2), bt BYTES)"", ""answer"": [{""columns"": [[""result"", 25, -1]]}, {""row"": [""Table \""t\"" created""]}, {""command"": ""SELECT 1""}]}, {""sql"": ""INSERT INTO t VALUES (12,'1.50',12.50,'hi'),(14,'x',14.00,'ab')"", ""answer"": [{""command"": ""INSERT 0 2""}]}, {""sql"": ""SELECT string_agg(bt, ',') FROM t"", ""answer"": [{""error"": [""SERROR"", ""VERROR"", ""C0A000"", ""Mstring_agg over bytea is not supported"", """", """"]}]}]"	yes	ERROR 0A000 string_agg over bytea is not supported (measured)
dml-assignment#r1	"[""CREATE TABLE tt (s TEXT)"", ""SELECT 5 / 2.0""]"	"[{""sql"": ""CREATE TABLE tt (s TEXT)"", ""answer"": [{""columns"": [[""result"", 25, -1]]}, {""row"": [""Table \""tt\"" created""]}, {""command"": ""SELECT 1""}]}, {""sql"": ""SELECT 5 / 2.0"", ""answer"": [{""columns"": [[""?column?"", 701, -1]]}, {""row"": [""2.5""]}, {""command"": ""SELECT 1""}]}]"	yes	2.5, declared double precision (OID 701) (measured); INSERT INTO t VALUES (1, 5 / 2.0) stores 3 on both (measured)
dml-assignment#r3	"[""CREATE TABLE tt (s TEXT)"", ""SELECT CAST(CAST('{\""k\"": 2.5}' AS JSON)->>'k' AS INTEGER)""]"	"[{""sql"": ""CREATE TABLE tt (s TEXT)"", ""answer"": [{""columns"": [[""result"", 25, -1]]}, {""row"": [""Table \""tt\"" created""]}, {""command"": ""SELECT 1""}]}, {""sql"": ""SELECT CAST(CAST('{\""k\"": 2.5}' AS JSON)->>'k' AS INTEGER)"", ""answer"": [{""columns"": [[""json_extract_scalar"", 20, -1]]}, {""row"": [""2""]}, {""command"": ""SELECT 1""}]}]"	yes	2 (measured): the cast reads the JSON number; assigning j->>'k' to an integer column is 42804 on both (measured)
dml-assignment#r8	"[""CREATE TABLE tt (s TEXT)"", ""CREATE TABLE sm (n SMALLINT)""]"	"[{""sql"": ""CREATE TABLE tt (s TEXT)"", ""answer"": [{""columns"": [[""result"", 25, -1]]}, {""row"": [""Table \""tt\"" created""]}, {""command"": ""SELECT 1""}]}, {""sql"": ""CREATE TABLE sm (n SMALLINT)"", ""answer"": [{""error"": [""SERROR"", ""VERROR"", ""C42704"", ""Mtype \""SMALLINT\"" does not exist"", """", """"]}]}]"	yes	"ERROR 42704 type ""SMALLINT"" does not exist (measured): no int16 storage"
dml-assignment#r9	"[""CREATE TABLE tt (s TEXT)"", ""SELECT CAST(3 AS SMALLINT)""]"	"[{""sql"": ""CREATE TABLE tt (s TEXT)"", ""answer"": [{""columns"": [[""result"", 25, -1]]}, {""row"": [""Table \""tt\"" created""]}, {""command"": ""SELECT 1""}]}, {""sql"": ""SELECT CAST(3 AS SMALLINT)"", ""answer"": [{""columns"": [[""int2"", 20, -1]]}, {""row"": [""3""]}, {""command"": ""SELECT 1""}]}]"	yes	3, declared bigint (measured)
dml-assignment#r13	"[""CREATE TABLE tt (s TEXT)"", ""INSERT INTO tt (s) SELECT DECODE('6869','hex')"", ""SELECT s FROM tt""]"	"[{""sql"": ""CREATE TABLE tt (s TEXT)"", ""answer"": [{""columns"": [[""result"", 25, -1]]}, {""row"": [""Table \""tt\"" created""]}, {""command"": ""SELECT 1""}]}, {""sql"": ""INSERT INTO tt (s) SELECT DECODE('6869','hex')"", ""answer"": [{""command"": ""INSERT 0 1""}]}, {""sql"": ""SELECT s FROM tt"", ""answer"": [{""columns"": [[""s"", 25, -1]]}, {""row"": [""\\x6869""]}, {""command"": ""SELECT 1""}]}]"	yes	"stores \x6869, as PostgreSQL does (amended 2026-10-05, arc BY round 2: a BYTES value is assigned to a text column as bytea's hex output; ERROR 42804 at c67ebf5b); a container or DURATION is ERROR 42804 column ""s"" is of type STRING (measured)"
lateral-subqueries#r3	"[""CREATE TABLE users (id INT)"", ""INSERT INTO users VALUES (1),(2),(3)"", ""CREATE TABLE x (id INT)"", ""INSERT INTO x VALUES (1)"", ""CREATE TABLE y (id INT)"", ""INSERT INTO y VALUES (99)"", ""SELECT (SELECT MAX(u.id) FROM x) FROM users u""]"	"[{""sql"": ""CREATE TABLE users (id INT)"", ""answer"": [{""columns"": [[""result"", 25, -1]]}, {""row"": [""Table \""users\"" created""]}, {""command"": ""SELECT 1""}]}, {""sql"": ""INSERT INTO users VALUES (1),(2),(3)"", ""answer"": [{""command"": ""INSERT 0 3""}]}, {""sql"": ""CREATE TABLE x (id INT)"", ""answer"": [{""columns"": [[""result"", 25, -1]]}, {""row"": [""Table \""x\"" created""]}, {""command"": ""SELECT 1""}]}, {""sql"": ""INSERT INTO x VALUES (1)"", ""answer"": [{""command"": ""INSERT 0 1""}]}, {""sql"": ""CREATE TABLE y (id INT)"", ""answer"": [{""columns"": [[""result"", 25, -1]]}, {""row"": [""Table \""y\"" created""]}, {""command"": ""SELECT 1""}]}, {""sql"": ""INSERT INTO y VALUES (99)"", ""answer"": [{""command"": ""INSERT 0 1""}]}, {""sql"": ""SELECT (SELECT MAX(u.id) FROM x) FROM users u"", ""answer"": [{""error"": [""SERROR"", ""VERROR"", ""C0A000"", ""Mscalar subquery holds an aggregate whose argument names only the enclosing query (u.id); PostgreSQL puts such an aggregate at the ENCLOSING query's level, and this engine has no lowering for an aggregate level above the block it is written in\n  subquery: SELECT MAX(u.id) FROM x"", """", """"]}]}]"	yes	ERROR 0A000 no lowering for an aggregate level above the block it is written in (measured)
lateral-subqueries#r4	"[""CREATE TABLE users (id INT)"", ""INSERT INTO users VALUES (1),(2),(3)"", ""CREATE TABLE x (id INT)"", ""INSERT INTO x VALUES (1)"", ""CREATE TABLE y (id INT)"", ""INSERT INTO y VALUES (99)"", ""SELECT id, (SELECT u.id FROM x WHERE x.id=1 UNION ALL SELECT u.id FROM y WHERE y.id=99) FROM users u""]"	"[{""sql"": ""CREATE TABLE users (id INT)"", ""answer"": [{""columns"": [[""result"", 25, -1]]}, {""row"": [""Table \""users\"" created""]}, {""command"": ""SELECT 1""}]}, {""sql"": ""INSERT INTO users VALUES (1),(2),(3)"", ""answer"": [{""command"": ""INSERT 0 3""}]}, {""sql"": ""CREATE TABLE x (id INT)"", ""answer"": [{""columns"": [[""result"", 25, -1]]}, {""row"": [""Table \""x\"" created""]}, {""command"": ""SELECT 1""}]}, {""sql"": ""INSERT INTO x VALUES (1)"", ""answer"": [{""command"": ""INSERT 0 1""}]}, {""sql"": ""CREATE TABLE y (id INT)"", ""answer"": [{""columns"": [[""result"", 25, -1]]}, {""row"": [""Table \""y\"" created""]}, {""command"": ""SELECT 1""}]}, {""sql"": ""INSERT INTO y VALUES (99)"", ""answer"": [{""command"": ""INSERT 0 1""}]}, {""sql"": ""SELECT id, (SELECT u.id FROM x WHERE x.id=1 UNION ALL SELECT u.id FROM y WHERE y.id=99) FROM users u"", ""answer"": [{""error"": [""SERROR"", ""VERROR"", ""C0A000"", ""Mscalar subquery is correlated on u.id and its body is a SET OPERATION, which the rebuild renders no arm for, so its per-row re-run cannot be written back out; this query has no distributed or single-process lowering for that correlation\n  subquery: SELECT u.id FROM x WHERE x.id=1 UNION ALL SELECT u.id FROM y WHERE y.id=99"", """", """"]}]}]"	yes	ERROR 0A000 correlated scalar subquery whose body is a SET OPERATION (measured)
lateral-subqueries#r7	"[""CREATE TABLE users (id INT)"", ""INSERT INTO users VALUES (1),(2),(3)"", ""CREATE TABLE x (id INT)"", ""INSERT INTO x VALUES (1)"", ""CREATE TABLE y (id INT)"", ""INSERT INTO y VALUES (99)"", ""SELECT id, (SELECT 1+SUM(u.id) OVER () FROM users x WHERE x.id=1) FROM users u""]"	"[{""sql"": ""CREATE TABLE users (id INT)"", ""answer"": [{""columns"": [[""result"", 25, -1]]}, {""row"": [""Table \""users\"" created""]}, {""command"": ""SELECT 1""}]}, {""sql"": ""INSERT INTO users VALUES (1),(2),(3)"", ""answer"": [{""command"": ""INSERT 0 3""}]}, {""sql"": ""CREATE TABLE x (id INT)"", ""answer"": [{""columns"": [[""result"", 25, -1]]}, {""row"": [""Table \""x\"" created""]}, {""command"": ""SELECT 1""}]}, {""sql"": ""INSERT INTO x VALUES (1)"", ""answer"": [{""command"": ""INSERT 0 1""}]}, {""sql"": ""CREATE TABLE y (id INT)"", ""answer"": [{""columns"": [[""result"", 25, -1]]}, {""row"": [""Table \""y\"" created""]}, {""command"": ""SELECT 1""}]}, {""sql"": ""INSERT INTO y VALUES (99)"", ""answer"": [{""command"": ""INSERT 0 1""}]}, {""sql"": ""SELECT id, (SELECT 1+SUM(u.id) OVER () FROM users x WHERE x.id=1) FROM users u"", ""answer"": [{""error"": [""SERROR"", ""VERROR"", ""C0A000"", ""Mscalar subquery is correlated on u.id and holds a window function; the per-row re-run rebuilds the subquery's text and a window call's OVER clause has no rendering that survives that rebuild, so this query has no distributed or single-process lowering for that correlation\n  subquery: SELECT 1+SUM(u.id) OVER () FROM users x WHERE x.id=1"", """", """"]}]}]"	yes	ERROR 0A000 correlated scalar subquery holds a window function (measured)
numeric-decimal#r3	"[""SELECT 2147483647 + 1""]"	"[{""sql"": ""SELECT 2147483647 + 1"", ""answer"": [{""columns"": [[""?column?"", 20, -1]]}, {""row"": [""2147483648""]}, {""command"": ""SELECT 1""}]}]"	yes	2147483648 (measured); an integer CAST is the same int4 arithmetic, `CAST(t.i AS INTEGER) + 2147483647` over 3 is 2147483650 (measured 2026-10-02 at the tip and at c39858f3 alike: the integer CAST beside an integer stays integer arithmetic, only beside a numeric is it numeric)
numeric-decimal#r10	"[""SELECT 2 ^ -1""]"	"[{""sql"": ""SELECT 2 ^ -1"", ""answer"": [{""columns"": [[""?column?"", 701, -1]]}, {""row"": [""0.5""]}, {""command"": ""SELECT 1""}]}]"	yes	0.5
numeric-decimal#r11	"[""SELECT 2 ^ 3 % 5""]"	"[{""sql"": ""SELECT 2 ^ 3 % 5"", ""answer"": [{""columns"": [[""?column?"", 701, -1]]}, {""row"": [""3""]}, {""command"": ""SELECT 1""}]}]"	yes	3 (`%` is MOD's spelling, 2026-10-04: over a double operand both compute the float remainder, a zero remainder an unsigned 0 — `t.f % 2.5` over -2.5 printed -0 at 8ccfa832, g/proj/f_ln)
numeric-decimal#r13	"[""SELECT -'5'""]"	"[{""sql"": ""SELECT -'5'"", ""answer"": [{""columns"": [[""?column?"", 701, -1]]}, {""row"": [""-5""]}, {""command"": ""SELECT 1""}]}]"	no; corrected	-5 varchar; -'abc' raises 22P02
numeric-decimal#r14	"[""SELECT CAST(1::bigint AS BOOLEAN)""]"	"[{""sql"": ""SELECT CAST(1::bigint AS BOOLEAN)"", ""answer"": [{""columns"": [[""int8"", 16, -1]]}, {""row"": [""t""]}, {""command"": ""SELECT 1""}]}]"	yes	true (0 is false, other values true, NULL is NULL)
numeric-decimal#r16	"[""SELECT CAST('NaN' AS DECIMAL(9,2))""]"	"[{""sql"": ""SELECT CAST('NaN' AS DECIMAL(9,2))"", ""answer"": [{""error"": [""SERROR"", ""VERROR"", ""C22003"", ""M\""NaN\"" has no DECIMAL value: a DECIMAL is a 128-bit unscaled integer with no representation for NaN or the infinities, which PostgreSQL's numeric does hold \u2014 a recorded divergence (ADR-0024 item 6)"", """", """"]}]}]"	yes	"ERROR 22003 ""NaN"" has no DECIMAL value (measured)"
numeric-decimal#r21	"[""SELECT MOD(8, '2.5')""]"	"[{""sql"": ""SELECT MOD(8, '2.5')"", ""answer"": [{""columns"": [[""mod"", 701, -1]]}, {""row"": [""0.5""]}, {""command"": ""SELECT 1""}]}]"	yes	0.5, double precision (OID 701) (measured): beside an integer, a quoted literal whose text is not an integer is read as the number it spells, as `8 + '2.5'` is 10.5 and `MOD(t.b, '2.5')` over -70 is 0; a quoted integer keeps the integer type, `MOD(t.i, '3')` is integer (OID 23) as on PostgreSQL. The `%` operator is the `MOD` function, so the two spellings match each other where an expression must match a grouping key: `SELECT t.i % 2, count(*) FROM t GROUP BY mod(t.i, 2)` answers the groups here (measured 2026-10-04) where PostgreSQL raises 42803. 9420d256 answered `MOD(8, '2.5')` 0.5 and `8 + '2.5'` 10.5 the same, and `MOD(t.i, '2.5')` over 3 the integer 0; the `%` spelling is MOD (2026-10-04, #1527): `8 % '2.5'` is the same double 0.5 and `t.i % '2.5'` over 3, -7, 5 is 0.5, -2, 0 as `MOD(t.i, '2.5')` is (8ccfa832: `8 % '2.5'` 0 on the single-process arms and 0.5 on the DAG arms, `t.i % '2.5'` 1, -1, 1 single-process and 0.5, -2, 0 on the DAG, g/proj/l8_q25, g/proj/i_q25)
other#r2	"[""CREATE TABLE t (id INT)"", ""INSERT INTO t VALUES (1),(2),(3)"", ""SELECT CAST('abc' AS bytea)""]"	"[{""sql"": ""CREATE TABLE t (id INT)"", ""answer"": [{""columns"": [[""result"", 25, -1]]}, {""row"": [""Table \""t\"" created""]}, {""command"": ""SELECT 1""}]}, {""sql"": ""INSERT INTO t VALUES (1),(2),(3)"", ""answer"": [{""command"": ""INSERT 0 3""}]}, {""sql"": ""SELECT CAST('abc' AS bytea)"", ""answer"": [{""error"": [""SERROR"", ""VERROR"", ""C42704"", ""Mtype \""bytea\"" does not exist"", """", """"]}]}]"	yes	"ERROR 42704 type ""bytea"" does not exist; money and inet the same (measured)"
other#r3	"[""CREATE TABLE t (id INT)"", ""INSERT INTO t VALUES (1),(2),(3)"", ""SELECT CAST('12:34:56' AS time)""]"	"[{""sql"": ""CREATE TABLE t (id INT)"", ""answer"": [{""columns"": [[""result"", 25, -1]]}, {""row"": [""Table \""t\"" created""]}, {""command"": ""SELECT 1""}]}, {""sql"": ""INSERT INTO t VALUES (1),(2),(3)"", ""answer"": [{""command"": ""INSERT 0 3""}]}, {""sql"": ""SELECT CAST('12:34:56' AS time)"", ""answer"": [{""columns"": [[""time"", 25, -1]]}, {""row"": [""12:34:56""]}, {""command"": ""SELECT 1""}]}]"	yes	12:34:56 declared text (OID 25); json and xml likewise pass their text through (measured)
other#r4	"[""CREATE TABLE t (id INT)"", ""INSERT INTO t VALUES (1),(2),(3)"", ""SELECT CAST('abc' AS DURATION)""]"	"[{""sql"": ""CREATE TABLE t (id INT)"", ""answer"": [{""columns"": [[""result"", 25, -1]]}, {""row"": [""Table \""t\"" created""]}, {""command"": ""SELECT 1""}]}, {""sql"": ""INSERT INTO t VALUES (1),(2),(3)"", ""answer"": [{""command"": ""INSERT 0 3""}]}, {""sql"": ""SELECT CAST('abc' AS DURATION)"", ""answer"": [{""columns"": [[""duration"", 25, -1]]}, {""row"": [""abc""]}, {""command"": ""SELECT 1""}]}]"	yes	abc, the operand unchanged (measured); CAST('abc' AS BYTES) left this row 2026-10-05: it is byteain's bytes, `\x616263`, as `'abc'::bytea` is on PostgreSQL (#1501)
other#r6	"[""CREATE TABLE t (id INT)"", ""INSERT INTO t VALUES (1),(2),(3)"", ""SELECT ARRAY[1.5] > ARRAY[1]""]"	"[{""sql"": ""CREATE TABLE t (id INT)"", ""answer"": [{""columns"": [[""result"", 25, -1]]}, {""row"": [""Table \""t\"" created""]}, {""command"": ""SELECT 1""}]}, {""sql"": ""INSERT INTO t VALUES (1),(2),(3)"", ""answer"": [{""command"": ""INSERT 0 3""}]}, {""sql"": ""SELECT ARRAY[1.5] > ARRAY[1]"", ""answer"": [{""columns"": [[""?column?"", 16, -1]]}, {""row"": [""t""]}, {""command"": ""SELECT 1""}]}]"	yes	true (compared by the numbers; measured)
other#r7	"[""CREATE TABLE t (id INT)"", ""INSERT INTO t VALUES (1),(2),(3)"", ""SELECT CAST(ARRAY[1,2] AS JSON)""]"	"[{""sql"": ""CREATE TABLE t (id INT)"", ""answer"": [{""columns"": [[""result"", 25, -1]]}, {""row"": [""Table \""t\"" created""]}, {""command"": ""SELECT 1""}]}, {""sql"": ""INSERT INTO t VALUES (1),(2),(3)"", ""answer"": [{""command"": ""INSERT 0 3""}]}, {""sql"": ""SELECT CAST(ARRAY[1,2] AS JSON)"", ""answer"": [{""columns"": [[""array"", 25, -1]]}, {""row"": [""[1,2]""]}, {""command"": ""SELECT 1""}]}]"	yes	[1,2], to_json's text; json_array_length reads 2 (measured); other non-text container destinations 42846
other#r16	"[""CREATE TABLE t (id INT)"", ""INSERT INTO t VALUES (1),(2),(3)"", ""SELECT json_build_object('o', x) FROM (SELECT json_build_object('a', 1) AS x) s""]"	"[{""sql"": ""CREATE TABLE t (id INT)"", ""answer"": [{""columns"": [[""result"", 25, -1]]}, {""row"": [""Table \""t\"" created""]}, {""command"": ""SELECT 1""}]}, {""sql"": ""INSERT INTO t VALUES (1),(2),(3)"", ""answer"": [{""command"": ""INSERT 0 3""}]}, {""sql"": ""SELECT json_build_object('o', x) FROM (SELECT json_build_object('a', 1) AS x) s"", ""answer"": [{""columns"": [[""json_build_object"", 25, -1]]}, {""row"": [""{\""o\"" : \""{\\\""a\\\"" : 1}\""}""]}, {""command"": ""SELECT 1""}]}]"	yes	"{""o"" : ""{\""a\"" : 1}""} (measured): json_build_object declares text (OID 25), so a json value that reaches it declared text — a derived table's, a CTE's or a stored column, a scalar subquery over a table, a COALESCE with a text arm — is written as a JSON string; a FROM-less scalar subquery over its own `json_build_object` nests as an object; one its own argument expression produces (json_build_object, a CAST to json, a COALESCE or CASE of those) nests as an object. Being text, the object is also compared, grouped and md5'd where PostgreSQL raises 42883 for json"
other#r17	"[""CREATE TABLE t (id INT)"", ""INSERT INTO t VALUES (1),(2),(3)"", ""SELECT count(*) FROM t TABLESAMPLE BERNOULLI (100) REPEATABLE (1)""]"	"[{""sql"": ""CREATE TABLE t (id INT)"", ""answer"": [{""columns"": [[""result"", 25, -1]]}, {""row"": [""Table \""t\"" created""]}, {""command"": ""SELECT 1""}]}, {""sql"": ""INSERT INTO t VALUES (1),(2),(3)"", ""answer"": [{""command"": ""INSERT 0 3""}]}, {""sql"": ""SELECT count(*) FROM t TABLESAMPLE BERNOULLI (100) REPEATABLE (1)"", ""answer"": [{""error"": [""SERROR"", ""VERROR"", ""C42601"", ""Msyntax error at or near \""1\"""", """", """"]}]}]"	yes	ERROR 42601 syntax error: REPEATABLE is not parsed (measured)
other#r18	"[""CREATE TABLE t (id INT)"", ""INSERT INTO t VALUES (1),(2),(3)"", ""SELECT count(*) FROM t TABLESAMPLE BERNOULLI ((SELECT 50))""]"	"[{""sql"": ""CREATE TABLE t (id INT)"", ""answer"": [{""columns"": [[""result"", 25, -1]]}, {""row"": [""Table \""t\"" created""]}, {""command"": ""SELECT 1""}]}, {""sql"": ""INSERT INTO t VALUES (1),(2),(3)"", ""answer"": [{""command"": ""INSERT 0 3""}]}, {""sql"": ""SELECT count(*) FROM t TABLESAMPLE BERNOULLI ((SELECT 50))"", ""answer"": [{""error"": [""SERROR"", ""VERROR"", ""C0A000"", ""Ma subquery in a TABLESAMPLE argument is not supported: the argument is evaluated before any row exists"", """", """"]}]}]"	yes	ERROR 0A000: the argument is evaluated at plan time, before any row exists (measured)
parameters-pgwire#r4	"[""SELECT 1 +""]"	"[{""sql"": ""SELECT 1 +"", ""answer"": [{""error"": [""SERROR"", ""VERROR"", ""C42601"", ""Msyntax error at end of input"", """", """"]}]}]"	yes	ERROR 42601 same sentence; no POSITION field (measured)
parameters-pgwire#r5	"[""CREATE TABLE p (id INT,n INT)"", ""INSERT INTO p VALUES (1,7)"", [""SELECT id FROM p WHERE n = $1"", [25], [""7""]]]"	"[{""sql"": ""CREATE TABLE p (id INT,n INT)"", ""answer"": [{""columns"": [[""result"", 25, -1]]}, {""row"": [""Table \""p\"" created""]}, {""command"": ""SELECT 1""}]}, {""sql"": ""INSERT INTO p VALUES (1,7)"", ""answer"": [{""command"": ""INSERT 0 1""}]}, {""sql"": [""SELECT id FROM p WHERE n = $1"", [25], [""7""]], ""answer"": [{""parameters"": [25]}, {""columns"": [[""id"", 23, -1]]}, {""row"": [""1""]}, {""command"": ""SELECT 1""}]}]"	yes	id 1: a text or varchar parameter is spliced as SQL's unknown literal, which the integer column's input reads (measured); `SELECT $1` declared varchar declares text (OID 25) where PostgreSQL declares varchar, and an undeclared parameter beside a VARCHAR column is typed text, as such a column declares here
parameters-pgwire#r7	"[[""SELECT $1 IS NULL, $1"", [], [null]]]"	"[{""sql"": [""SELECT $1 IS NULL, $1"", [], [null]], ""answer"": [{""parameters"": [25]}, {""columns"": [[""?column?"", 16, -1], [""?column?"", 25, -1]]}, {""row"": [""t"", null]}, {""command"": ""SELECT 1""}]}]"	yes	`t`, NULL declared text (OID 25), and 6: the select-list parameter is text, the `IS NULL` operand undetermined (OID 0) (measured)
parameters-pgwire#r8	"[[""SELECT $1"", [21], [""7""]]]"	"[{""sql"": [""SELECT $1"", [21], [""7""]], ""answer"": [{""parameters"": [21]}, {""columns"": [[""nullif"", 23, -1]]}, {""row"": [""7""]}, {""command"": ""SELECT 1""}]}]"	yes	integer (OID 23): no smallint type (measured)
parameters-pgwire#r9	"[[""SELECT $1"", [1184], [""2024-03-04 12:00:00+00""]]]"	"[{""sql"": [""SELECT $1"", [1184], [""2024-03-04 12:00:00+00""]], ""answer"": [{""parameters"": [1184]}, {""columns"": [[""timestamp"", 1114, -1]]}, {""row"": [""2024-03-04 12:00:00""]}, {""command"": ""SELECT 1""}]}]"	yes	timestamp (OID 1114) `2024-03-04 12:00:00`: the instant at UTC, the session TimeZone the server reports; an offset spelled `Z`, `±hh`, `±hh:mm`, `±hhmm` or `±hh:mm:ss` (a space before it or not) is applied — `ts = $1` bound `'2024-03-04 17:00:00+05'` or `'…+0530'` matches as on PostgreSQL — and a zone NAME (`UTC`, `EST`, `America/New_York`) is refused 22007 as the TIMESTAMP input refuses it ([temporal#r25](temporal.md#catalog); measured)
parameters-pgwire#r10	"[[""SELECT $1"", [17], [""\\x6869""]]]"	"[{""sql"": [""SELECT $1"", [17], [""\\x6869""]], ""answer"": [{""parameters"": [17]}, {""columns"": [[""?column?"", 25, -1]]}, {""row"": [""\\x6869""]}, {""command"": ""SELECT 1""}]}]"	yes	text (OID 25): `\x6869` for a text-format and a binary bytea alike — the parameter is a BYTES value (`CAST('\x6869' AS BYTES)`), and only the statement Describe declares it text (amended 2026-10-05: a binary one printed its raw bytes, `hi`, at c67ebf5b); `{1,2}`; an array parameter in binary format is refused 22023 (measured)
parameters-pgwire#r12	"[[""SELECT $1 + 1"", [], [""2""]]]"	"[{""sql"": [""SELECT $1 + 1"", [], [""2""]], ""answer"": [{""parameters"": [23]}, {""columns"": [[""?column?"", 20, -1]]}, {""row"": [""3""]}, {""command"": ""SELECT 1""}]}]"	yes	parameter integer, result bigint: the parameter takes PostgreSQL's type — beside arithmetic its operator result type, so `$1 = n * 2` is integer as on PostgreSQL — and the expression around it this engine's declaration: integer arithmetic ([numeric-decimal#r1](numeric-decimal.md#catalog)), an integer CAST (`SELECT CAST($1 AS INTEGER)`) and NTILE declare bigint, and `WHERE m = $1` over a derived `n * 2 AS m` types the parameter bigint where PostgreSQL types it integer (the derived column is this engine's declaration). `SELECT $1` (or `COALESCE($1, 0)`) declared integer and bound `-7`, text or binary, executes as bigint (a negative integer literal declares bigint here, and so does `CAST(-7 AS INTEGER)`) while the statement Describe declared integer: eight bytes in a binary row where PostgreSQL sends four, so a client that decodes binary rows by that Describe refuses the value; declared smallint it is r8's integer Describe with the same eight bytes (PostgreSQL: smallint, two). An integer or smallint parameter past its width raises 22003 as on PostgreSQL (measured)
recursion#r11	"[""CREATE TABLE t (id INT,n NUMERIC(10,2))"", ""INSERT INTO t VALUES (1,2.25)"", ""WITH RECURSIVE r(k, v) AS (SELECT 1, (SELECT x.n FROM t x WHERE x.id = 1) UNION ALL SELECT k + 1, v + 1 FROM r WHERE k < 3) SELECT k, v FROM r""]"	"[{""sql"": ""CREATE TABLE t (id INT,n NUMERIC(10,2))"", ""answer"": [{""columns"": [[""result"", 25, -1]]}, {""row"": [""Table \""t\"" created""]}, {""command"": ""SELECT 1""}]}, {""sql"": ""INSERT INTO t VALUES (1,2.25)"", ""answer"": [{""command"": ""INSERT 0 1""}]}, {""sql"": ""WITH RECURSIVE r(k, v) AS (SELECT 1, (SELECT x.n FROM t x WHERE x.id = 1) UNION ALL SELECT k + 1, v + 1 FROM r WHERE k < 3) SELECT k, v FROM r"", ""answer"": [{""columns"": [[""k"", 23, -1], [""v"", 1700, 2490374]]}, {""row"": [""1"", ""2.25""]}, {""row"": [""2"", ""3.25""]}, {""row"": [""3"", ""4.25""]}, {""command"": ""SELECT 3""}]}]"	yes	2.25, 3.25, 4.25: the subquery's answer is declared without the column's modifier, so it seeds an unconstrained column (likewise a correlated `(SELECT t.n …)`, a `CAST(x.n AS NUMERIC(10,2))` inside the subquery, and a numeric(5,2) answer under `v * 10`: 225.00, 2250.00, 22500.00); v0.25.3 raised 42804 (measured)
recursion#r12	"[""CREATE TABLE t (id INT,n NUMERIC(10,2))"", ""INSERT INTO t VALUES (1,2.25)"", ""WITH RECURSIVE r(k, v) AS (SELECT 1, CAST(1.5 AS NUMERIC(38,2)) UNION ALL SELECT k + 1, v + 1 FROM r WHERE k < 3) SELECT k, v FROM r""]"	"[{""sql"": ""CREATE TABLE t (id INT,n NUMERIC(10,2))"", ""answer"": [{""columns"": [[""result"", 25, -1]]}, {""row"": [""Table \""t\"" created""]}, {""command"": ""SELECT 1""}]}, {""sql"": ""INSERT INTO t VALUES (1,2.25)"", ""answer"": [{""command"": ""INSERT 0 1""}]}, {""sql"": ""WITH RECURSIVE r(k, v) AS (SELECT 1, CAST(1.5 AS NUMERIC(38,2)) UNION ALL SELECT k + 1, v + 1 FROM r WHERE k < 3) SELECT k, v FROM r"", ""answer"": [{""columns"": [[""k"", 23, -1], [""v"", 1700, 2490374]]}, {""row"": [""1"", ""1.50""]}, {""row"": [""2"", ""2.50""]}, {""row"": [""3"", ""3.50""]}, {""command"": ""SELECT 3""}]}]"	yes	1.50, 2.50, 3.50: a numeric(38,s) seed — a CAST or a column — reads as unconstrained (38 digits is the widest DECIMAL this engine holds); the same at v0.25.3 (measured); at precision 37 the seed is 42804 as on PostgreSQL
table-functions#r7	"[""EXPLAIN SELECT * FROM read_json('/missing.json')""]"	"[{""sql"": ""EXPLAIN SELECT * FROM read_json('/missing.json')"", ""answer"": [{""error"": [""SERROR"", ""VERROR"", ""C58P01"", ""Mcould not open file \""/missing.json\"" for reading: no such file or directory"", """", """"]}]}]"	yes	ERROR 58P01 for the query and its EXPLAIN (measured); 42501 unreadable file, 42809 a directory
table-functions#r10	"[""SELECT * FROM generate_series(1, 2) WITH ORDINALITY AS g(a, b)""]"	"[{""sql"": ""SELECT * FROM generate_series(1, 2) WITH ORDINALITY AS g(a, b)"", ""answer"": [{""error"": [""SERROR"", ""VERROR"", ""C42P10"", ""Mtable \""g\"" has 1 columns available but 2 columns specified"", """", """"]}]}]"	yes	ERROR 42P10: one column only; without the list it answers 1, 2 (measured); unnest adds ordinality
table-functions#r12	"[""SELECT * FROM generate_series(5, 1)""]"	"[{""sql"": ""SELECT * FROM generate_series(5, 1)"", ""answer"": [{""columns"": [[""generate_series"", 23, -1]]}, {""command"": ""SELECT 0""}]}]"	yes	zero rows (measured); step 0 is ERROR 22023, PostgreSQL's sentence; v0.22.0 answered 5..1
table-functions#r13	"[""SELECT 1 + unnest(ARRAY[1, 2])""]"	"[{""sql"": ""SELECT 1 + unnest(ARRAY[1, 2])"", ""answer"": [{""error"": [""SERROR"", ""VERROR"", ""C0A000"", ""Mset-returning function unnest is supported only as a whole item of a SELECT list without aggregates, window functions or DISTINCT"", """", """"]}]}]"	yes	ERROR 0A000: an SRF answers only as a whole SELECT item (measured)
temporal#r1	"[""SELECT CAST('2020-01-01 00:00:00.123456' AS TIMESTAMP)""]"	"[{""sql"": ""SELECT CAST('2020-01-01 00:00:00.123456' AS TIMESTAMP)"", ""answer"": [{""columns"": [[""timestamp"", 1114, -1]]}, {""row"": [""2020-01-01 00:00:00.123""]}, {""command"": ""SELECT 1""}]}]"	yes	2020-01-01 00:00:00.123 (measured): the millisecond carrier floors sub-millisecond digits
temporal#r4	"[""SELECT CAST(true AS DATE)""]"	"[{""sql"": ""SELECT CAST(true AS DATE)"", ""answer"": [{""columns"": [[""date"", 1082, -1]]}, {""row"": [null]}, {""command"": ""SELECT 1""}]}]"	yes	NULL (measured); a container, CAST(ARRAY[1] AS DATE), is 42846 as in PostgreSQL (measured)
temporal#r6	"[""SELECT CAST(3000000000 AS DATE)""]"	"[{""sql"": ""SELECT CAST(3000000000 AS DATE)"", ""answer"": [{""error"": [""SERROR"", ""VERROR"", ""C22003"", ""Minteger out of range"", """", """"]}]}]"	yes	ERROR 22003 integer out of range (measured): the signed 32-bit day count is the bound
temporal#r7	"[""SELECT CAST('31/12/1996' AS DATE)""]"	"[{""sql"": ""SELECT CAST('31/12/1996' AS DATE)"", ""answer"": [{""error"": [""SERROR"", ""VERROR"", ""C22007"", ""Minvalid input syntax for type date: \""31/12/1996\"""", """", """"]}]}]"	yes	ERROR 22007 invalid input syntax for type date (measured): no spelling whose field order DateStyle decides is read
temporal#r12	"[""SELECT LOCALTIMESTAMP(0) = LOCALTIMESTAMP(6)""]"	"[{""sql"": ""SELECT LOCALTIMESTAMP(0) = LOCALTIMESTAMP(6)"", ""answer"": [{""columns"": [[""?column?"", 16, -1]]}, {""row"": [""t""]}, {""command"": ""SELECT 1""}]}]"	yes	t (measured): precision accepted and ignored; declared timestamp either way
temporal#r18	"[""SELECT CAST('2020-01-03' AS DATE) - CAST('2020-01-01 00:00:00' AS TIMESTAMP)""]"	"[{""sql"": ""SELECT CAST('2020-01-03' AS DATE) - CAST('2020-01-01 00:00:00' AS TIMESTAMP)"", ""answer"": [{""error"": [""SERROR"", ""VERROR"", ""C42883"", ""Moperator does not exist: date - timestamp without time zone"", """", """"]}]}]"	yes	ERROR 42883 operator does not exist: date - timestamp without time zone (measured)
temporal#r23	"[""SELECT CURRENT_TIME""]"	"[{""sql"": ""SELECT CURRENT_TIME"", ""answer"": [{""error"": [""SERROR"", ""VERROR"", ""C42883"", ""Munknown function: current_time"", """", """"]}]}]"	yes	ERROR 42883 unknown function: current_time (measured); there is no TIME type
temporal#r25	"[""SELECT CAST('2024-03-04 12:00:00 UTC' AS TIMESTAMP)""]"	"[{""sql"": ""SELECT CAST('2024-03-04 12:00:00 UTC' AS TIMESTAMP)"", ""answer"": [{""error"": [""SERROR"", ""VERROR"", ""C22007"", ""Minvalid input syntax for type timestamp: \""2024-03-04 12:00:00 UTC\"""", """", """"]}]}]"	yes	ERROR 22007 invalid input syntax (measured): outside the one date/time grammar (E41) — refused, never guessed; `DATE '2024-03-04 12:00:00Z+05'` and `…z+05` read 2024-03-04 at 978cd0e5, which discarded what followed the clock
text-collation#r2	"[""SELECT 'a' < 'b' COLLATE \""en_US\""""]"	"[{""sql"": ""SELECT 'a' < 'b' COLLATE \""en_US\"""", ""answer"": [{""error"": [""SERROR"", ""VERROR"", ""C0A000"", ""Mcollation \""en_US\"" is not supported: this server compares text by its bytes, the order of the C collation"", """", """"]}]}]"	yes	"ERROR 0A000 collation ""en_US"" is not supported (measured); C, POSIX, ucs_basic and default are accepted"
text-collation#r3	"[""SELECT 'abab' ~ '(a)b\\1'""]"	"[{""sql"": ""SELECT 'abab' ~ '(a)b\\1'"", ""answer"": [{""error"": [""SERROR"", ""VERROR"", ""C0A000"", ""Mregular expression back reference \\1 is not supported: this server matches with RE2, which has no equivalent for it"", """", """"]}]}]"	yes	ERROR 0A000 regular expression back reference \1 is not supported (measured): RE2 matches; `regexp_replace` reads its pattern through the same translation and refuses the same forms (2026-10-02)
text-collation#r4	"[""SELECT '\u00c9' ~* '\u00e9'""]"	"[{""sql"": ""SELECT '\u00c9' ~* '\u00e9'"", ""answer"": [{""columns"": [[""?column?"", 16, -1]]}, {""row"": [""f""]}, {""command"": ""SELECT 1""}]}]"	yes	f: case-insensitive matching folds ASCII letters only, as PostgreSQL does under the C collation; `regexp_replace`'s `i` flag the same, and its `\y` counts ASCII letters, digits and `_` as word characters (2026-10-02, measured)
