file	base	tip	growth
internal/coordinator/dagplan/subquery_resolution.go	0	1	1
internal/engine/exec/kernel/bytea_literal.go	0	1	1
internal/engine/exec/shared_spool.go	0	1	1
internal/engine/expr/cast_refusal.go	0	1	1
internal/engine/expr/clock.go	0	1	1
internal/engine/expr/expr_cast.go	0	1	1
internal/engine/expr/expr_helpers.go	0	1	1
internal/engine/expr/integer_decimal_operand.go	0	1	1
internal/engine/expr/json_build.go	0	1	1
internal/engine/expr/temporal_infinity.go	0	1	1
internal/planner/logical/tablesample_unbegun.go	0	1	1
internal/planner/physical/decl_walk_memo.go	0	1	1
internal/planner/physical/once_cte.go	0	1	1
internal/planner/physical/output_declared_schema.go	0	1	1
internal/planner/physical/output_rename_resolve.go	1	2	1
internal/planner/physical/planner_config.go	0	1	1
internal/planner/physical/tablesample_argument.go	0	1	1
internal/planner/physical/window_lag_default.go	0	1	1
internal/planner/sql/canonical.go	0	1	1
internal/server/pgwire/paramtypes.go	0	2	2
internal/storage/parquet/date_parse.go	0	1	1
internal/storage/parquet/schema.go	0	1	1
