issue	SQL including setup	answer	close text expects	matches now answers	source
1422	"[""CREATE TABLE c (id INT,f DOUBLE)"", ""INSERT INTO c VALUES (1,2.5)"", ""CREATE TABLE x (id INT,v INT)"", ""INSERT INTO x VALUES (1,4)"", ""SELECT (SELECT c.f + x.v FROM x WHERE x.id=c.id) FROM c""]"	"[{""sql"": ""CREATE TABLE c (id INT,f DOUBLE)"", ""answer"": [{""columns"": [[""result"", 25, -1]]}, {""row"": [""Table \""c\"" created""]}, {""command"": ""SELECT 1""}]}, {""sql"": ""INSERT INTO c VALUES (1,2.5)"", ""answer"": [{""command"": ""INSERT 0 1""}]}, {""sql"": ""CREATE TABLE x (id INT,v INT)"", ""answer"": [{""columns"": [[""result"", 25, -1]]}, {""row"": [""Table \""x\"" created""]}, {""command"": ""SELECT 1""}]}, {""sql"": ""INSERT INTO x VALUES (1,4)"", ""answer"": [{""command"": ""INSERT 0 1""}]}, {""sql"": ""SELECT (SELECT c.f + x.v FROM x WHERE x.id=c.id) FROM c"", ""answer"": [{""columns"": [[""?column?"", 701, -1]]}, {""row"": [""6.5""]}, {""command"": ""SELECT 1""}]}]"	6.5; OID 701	yes	postci/ss/close_1422.md
1427	"[""CREATE TABLE t (id INT,d DATE)"", ""INSERT INTO t VALUES (3,DATE '9999-12-31')"", ""SELECT id FROM t WHERE d = (SELECT d FROM t WHERE id=3)""]"	"[{""sql"": ""CREATE TABLE t (id INT,d DATE)"", ""answer"": [{""columns"": [[""result"", 25, -1]]}, {""row"": [""Table \""t\"" created""]}, {""command"": ""SELECT 1""}]}, {""sql"": ""INSERT INTO t VALUES (3,DATE '9999-12-31')"", ""answer"": [{""command"": ""INSERT 0 1""}]}, {""sql"": ""SELECT id FROM t WHERE d = (SELECT d FROM t WHERE id=3)"", ""answer"": [{""columns"": [[""id"", 23, -1]]}, {""row"": [""3""]}, {""command"": ""SELECT 1""}]}]"	3	yes	postci/ss/close_1427.md
1428	"[""CREATE TABLE t (ts TIMESTAMP)"", ""INSERT INTO t VALUES (TIMESTAMP '1969-12-31 23:59:59.999')"", ""SELECT CAST((SELECT ts FROM t) AS VARCHAR)""]"	"[{""sql"": ""CREATE TABLE t (ts TIMESTAMP)"", ""answer"": [{""columns"": [[""result"", 25, -1]]}, {""row"": [""Table \""t\"" created""]}, {""command"": ""SELECT 1""}]}, {""sql"": ""INSERT INTO t VALUES (TIMESTAMP '1969-12-31 23:59:59.999')"", ""answer"": [{""command"": ""INSERT 0 1""}]}, {""sql"": ""SELECT CAST((SELECT ts FROM t) AS VARCHAR)"", ""answer"": [{""columns"": [[""ts"", 1043, -1]]}, {""row"": [""1969-12-31 23:59:59.999""]}, {""command"": ""SELECT 1""}]}]"	1969-12-31 23:59:59.999	yes	postci/ss/close_1428.md
1431	"[""CREATE TABLE t (ts TIMESTAMP)"", ""INSERT INTO t VALUES (TIMESTAMP '2024-03-04 12:00:00')"", ""SELECT (SELECT max(ts) FROM t) + INTERVAL '1 hour'""]"	"[{""sql"": ""CREATE TABLE t (ts TIMESTAMP)"", ""answer"": [{""columns"": [[""result"", 25, -1]]}, {""row"": [""Table \""t\"" created""]}, {""command"": ""SELECT 1""}]}, {""sql"": ""INSERT INTO t VALUES (TIMESTAMP '2024-03-04 12:00:00')"", ""answer"": [{""command"": ""INSERT 0 1""}]}, {""sql"": ""SELECT (SELECT max(ts) FROM t) + INTERVAL '1 hour'"", ""answer"": [{""columns"": [[""?column?"", 1114, -1]]}, {""row"": [""2024-03-04 13:00:00""]}, {""command"": ""SELECT 1""}]}]"	2024-03-04 13:00:00	yes	postci/ss/close_1431.md
1466	"[""SELECT json_build_object('d', DATE '2024-03-04', 'ts', TIMESTAMP '2024-03-04 12:00:00')""]"	"[{""sql"": ""SELECT json_build_object('d', DATE '2024-03-04', 'ts', TIMESTAMP '2024-03-04 12:00:00')"", ""answer"": [{""columns"": [[""json_build_object"", 25, -1]]}, {""row"": [""{\""d\"" : \""2024-03-04\"", \""ts\"" : \""2024-03-04T12:00:00\""}""]}, {""command"": ""SELECT 1""}]}]"	"{""d"" : ""2024-03-04"", ""ts"" : ""2024-03-04T12:00:00""}"	yes	postci/rn/close_1466.md
1467	"[""SELECT format('%s|', NULL)""]"	"[{""sql"": ""SELECT format('%s|', NULL)"", ""answer"": [{""columns"": [[""format"", 25, -1]]}, {""row"": [""|""]}, {""command"": ""SELECT 1""}]}]"	|	yes	postci/rn/close_1467.md
1474	"[""SELECT json_build_object('o', json_build_object('a', 2.25, 'b', 3))""]"	"[{""sql"": ""SELECT json_build_object('o', json_build_object('a', 2.25, 'b', 3))"", ""answer"": [{""columns"": [[""json_build_object"", 25, -1]]}, {""row"": [""{\""o\"" : {\""a\"" : 2.25, \""b\"" : 3}}""]}, {""command"": ""SELECT 1""}]}]"	"{""o"" : {""a"" : 2.25, ""b"" : 3}}"	yes	postci/rn/close_1474.md
1481	"[""SELECT regexp_replace('-10.50', '0', 'z')""]"	"[{""sql"": ""SELECT regexp_replace('-10.50', '0', 'z')"", ""answer"": [{""columns"": [[""regexp_replace"", 25, -1]]}, {""row"": [""-1z.50""]}, {""command"": ""SELECT 1""}]}]"	-1z.50	yes	postci/rn/close_1481.md
1410	"[[""SELECT $1"", [20], [""42""]]]"	"[{""sql"": [""SELECT $1"", [20], [""42""]], ""answer"": [{""parameters"": [20]}, {""columns"": [[""int8"", 20, -1]]}, {""row"": [""42""]}, {""command"": ""SELECT 1""}]}]"	42; OID 20	yes	postci/pw/close_1410.md
1426	"[""CREATE TABLE t (id INT,d DATE)"", ""INSERT INTO t VALUES (2,DATE '1969-12-31')"", [""SELECT id FROM t WHERE d = $1"", [1114], [""1969-12-31 23:59:59.999""]]]"	"[{""sql"": ""CREATE TABLE t (id INT,d DATE)"", ""answer"": [{""columns"": [[""result"", 25, -1]]}, {""row"": [""Table \""t\"" created""]}, {""command"": ""SELECT 1""}]}, {""sql"": ""INSERT INTO t VALUES (2,DATE '1969-12-31')"", ""answer"": [{""command"": ""INSERT 0 1""}]}, {""sql"": [""SELECT id FROM t WHERE d = $1"", [1114], [""1969-12-31 23:59:59.999""]], ""answer"": [{""parameters"": [1114]}, {""columns"": [[""id"", 23, -1]]}, {""command"": ""SELECT 0""}]}]"	no rows	yes	postci/pw/close_1426.md
1405	"[""CREATE TABLE fl (id INTEGER, f DOUBLE PRECISION, n INTEGER)"", ""INSERT INTO fl VALUES (1,674999997,1)"", ""SELECT f FROM fl""]"	"[{""sql"": ""CREATE TABLE fl (id INTEGER, f DOUBLE PRECISION, n INTEGER)"", ""answer"": [{""columns"": [[""result"", 25, -1]]}, {""row"": [""Table \""fl\"" created""]}, {""command"": ""SELECT 1""}]}, {""sql"": ""INSERT INTO fl VALUES (1,674999997,1)"", ""answer"": [{""command"": ""INSERT 0 1""}]}, {""sql"": ""SELECT f FROM fl"", ""answer"": [{""columns"": [[""f"", 701, -1]]}, {""row"": [""674999997""]}, {""command"": ""SELECT 1""}]}]"	674999997; OID 701	yes	postci/ft/close_1405.md
1464	"[""CREATE TABLE z (dv FLOAT)"", ""INSERT INTO z VALUES (674999997)"", ""SELECT dv FROM z""]"	"[{""sql"": ""CREATE TABLE z (dv FLOAT)"", ""answer"": [{""columns"": [[""result"", 25, -1]]}, {""row"": [""Table \""z\"" created""]}, {""command"": ""SELECT 1""}]}, {""sql"": ""INSERT INTO z VALUES (674999997)"", ""answer"": [{""command"": ""INSERT 0 1""}]}, {""sql"": ""SELECT dv FROM z"", ""answer"": [{""columns"": [[""dv"", 701, -1]]}, {""row"": [""674999997""]}, {""command"": ""SELECT 1""}]}]"	674999997; OID 701	yes	postci/ft/close_1464.md
1359	"[""CREATE TABLE sj_e (k_int INT,ey TEXT)"", ""CREATE TABLE sj_p_one AS SELECT 1 AS id,1 AS k_int,CAST(1.25 AS NUMERIC(10,2)) AS v_dec,ARRAY[1,2] AS v_arr"", ""SELECT p.id,p.k_int,p.v_dec,p.v_arr,e.k_int,e.ey FROM sj_e e FULL JOIN sj_p_one p ON e.k_int=p.k_int""]"	"[{""sql"": ""CREATE TABLE sj_e (k_int INT,ey TEXT)"", ""answer"": [{""columns"": [[""result"", 25, -1]]}, {""row"": [""Table \""sj_e\"" created""]}, {""command"": ""SELECT 1""}]}, {""sql"": ""CREATE TABLE sj_p_one AS SELECT 1 AS id,1 AS k_int,CAST(1.25 AS NUMERIC(10,2)) AS v_dec,ARRAY[1,2] AS v_arr"", ""answer"": [{""command"": ""SELECT 1""}]}, {""sql"": ""SELECT p.id,p.k_int,p.v_dec,p.v_arr,e.k_int,e.ey FROM sj_e e FULL JOIN sj_p_one p ON e.k_int=p.k_int"", ""answer"": [{""columns"": [[""id"", 23, -1], [""k_int"", 23, -1], [""v_dec"", 1700, 655366], [""v_arr"", 1007, -1], [""k_int"", 23, -1], [""ey"", 25, -1]]}, {""row"": [""1"", ""1"", ""1.25"", ""{1,2}"", null, null]}, {""command"": ""SELECT 1""}]}]"	1,1,1.25,{1,2},NULL,NULL; ordinary execution only	yes; partition eviction not forced	postci/sj/close_1359.md
1386	"[""SELECT CASE WHEN true THEN 14.0000000000000000001 END = 14""]"	"[{""sql"": ""SELECT CASE WHEN true THEN 14.0000000000000000001 END = 14"", ""answer"": [{""columns"": [[""?column?"", 16, -1]]}, {""row"": [""f""]}, {""command"": ""SELECT 1""}]}]"	f	yes	postci/nx/close_1386.md
1392	"[""SELECT CAST(5 / 2.0 AS INTEGER),CAST(SQRT(6.25) AS INTEGER),CAST(POWER(2.5,1) AS INTEGER),CAST(2.5*1 AS INTEGER),CAST(2.5 AS INTEGER),CAST(ABS(2.5) AS INTEGER)""]"	"[{""sql"": ""SELECT CAST(5 / 2.0 AS INTEGER),CAST(SQRT(6.25) AS INTEGER),CAST(POWER(2.5,1) AS INTEGER),CAST(2.5*1 AS INTEGER),CAST(2.5 AS INTEGER),CAST(ABS(2.5) AS INTEGER)"", ""answer"": [{""columns"": [[""int4"", 20, -1], [""sqrt"", 20, -1], [""power"", 20, -1], [""int4"", 20, -1], [""int4"", 20, -1], [""abs"", 20, -1]]}, {""row"": [""3"", ""3"", ""3"", ""3"", ""3"", ""3""]}, {""command"": ""SELECT 1""}]}]"	3,3,3,3,3,3	yes	postci/nx/close_1392.md
1242	"[""SELECT * FROM read_json('/tmp/codex-hk9-tmp/seamb-late-key.json') WHERE id=2200""]"	"[{""sql"": ""SELECT * FROM read_json('/tmp/codex-hk9-tmp/seamb-late-key.json') WHERE id=2200"", ""answer"": [{""error"": [""SERROR"", ""VERROR"", ""C22P04"", ""Mread_json: /tmp/codex-hk9-tmp/seamb-late-key.json: row 2200: key \""k\"" is not a column of the relation (the columns were inferred from the file's first 100 rows); sample_size = -1 infers it from every row"", """", """"]}]}]"	22P04	yes	postci/rd/close_1242.md
1411	"[""CREATE TABLE tb_p (id INT)"", ""INSERT INTO tb_p VALUES (1),(2),(3)"", ""SELECT count(*) FROM tb_p TABLESAMPLE BERNOULLI (0)""]"	"[{""sql"": ""CREATE TABLE tb_p (id INT)"", ""answer"": [{""columns"": [[""result"", 25, -1]]}, {""row"": [""Table \""tb_p\"" created""]}, {""command"": ""SELECT 1""}]}, {""sql"": ""INSERT INTO tb_p VALUES (1),(2),(3)"", ""answer"": [{""command"": ""INSERT 0 3""}]}, {""sql"": ""SELECT count(*) FROM tb_p TABLESAMPLE BERNOULLI (0)"", ""answer"": [{""columns"": [[""count"", 20, -1]]}, {""row"": [""0""]}, {""command"": ""SELECT 1""}]}]"	0	yes	postci/tb/close_1411.md
1484	"[""CREATE TABLE t (a BIGINT)"", ""CREATE TABLE s (f DOUBLE)"", ""INSERT INTO s VALUES (9223372036854775808)"", ""INSERT INTO t SELECT f FROM s""]"	"[{""sql"": ""CREATE TABLE t (a BIGINT)"", ""answer"": [{""columns"": [[""result"", 25, -1]]}, {""row"": [""Table \""t\"" created""]}, {""command"": ""SELECT 1""}]}, {""sql"": ""CREATE TABLE s (f DOUBLE)"", ""answer"": [{""columns"": [[""result"", 25, -1]]}, {""row"": [""Table \""s\"" created""]}, {""command"": ""SELECT 1""}]}, {""sql"": ""INSERT INTO s VALUES (9223372036854775808)"", ""answer"": [{""command"": ""INSERT 0 1""}]}, {""sql"": ""INSERT INTO t SELECT f FROM s"", ""answer"": [{""error"": [""SERROR"", ""VERROR"", ""C22003"", ""MINT64 out of range"", """", """"]}]}]"	22003	yes	postci/iw/close_1484.md
1435	"[""CREATE TABLE t (id INT,x BIGINT)"", ""INSERT INTO t VALUES (1,10),(2,20),(3,NULL),(4,40),(5,50),(6,60)"", ""SELECT LAG(x,1,2.5) OVER (ORDER BY id) FROM t""]"	"[{""sql"": ""CREATE TABLE t (id INT,x BIGINT)"", ""answer"": [{""columns"": [[""result"", 25, -1]]}, {""row"": [""Table \""t\"" created""]}, {""command"": ""SELECT 1""}]}, {""sql"": ""INSERT INTO t VALUES (1,10),(2,20),(3,NULL),(4,40),(5,50),(6,60)"", ""answer"": [{""command"": ""INSERT 0 6""}]}, {""sql"": ""SELECT LAG(x,1,2.5) OVER (ORDER BY id) FROM t"", ""answer"": [{""columns"": [[""lag"", 1700, -1]]}, {""row"": [""2.5""]}, {""row"": [""10.0""]}, {""row"": [""20.0""]}, {""row"": [null]}, {""row"": [""40.0""]}, {""row"": [""50.0""]}, {""command"": ""SELECT 6""}]}]"	2.5,10.0,20.0,NULL,40.0,50.0; OID 1700	yes	postci/wd/close_1435.md
1436	"[""CREATE TABLE t (id INT,x BIGINT)"", ""INSERT INTO t VALUES (1,10)"", ""SELECT LAG(x,1,'a') OVER (ORDER BY id) FROM t""]"	"[{""sql"": ""CREATE TABLE t (id INT,x BIGINT)"", ""answer"": [{""columns"": [[""result"", 25, -1]]}, {""row"": [""Table \""t\"" created""]}, {""command"": ""SELECT 1""}]}, {""sql"": ""INSERT INTO t VALUES (1,10)"", ""answer"": [{""command"": ""INSERT 0 1""}]}, {""sql"": ""SELECT LAG(x,1,'a') OVER (ORDER BY id) FROM t"", ""answer"": [{""error"": [""SERROR"", ""VERROR"", ""C22P02"", ""Minvalid input syntax for type bigint: \""a\"""", """", """"]}]}]"	22P02	yes	postci/wd/close_1436.md
1527	"[""CREATE TABLE t (n NUMERIC(10,2))"", ""INSERT INTO t VALUES (2.25),(-1),(0),(5),(0.01)"", ""SELECT SUM(t.n % '2.5') FROM t""]"	"[{""sql"": ""CREATE TABLE t (n NUMERIC(10,2))"", ""answer"": [{""columns"": [[""result"", 25, -1]]}, {""row"": [""Table \""t\"" created""]}, {""command"": ""SELECT 1""}]}, {""sql"": ""INSERT INTO t VALUES (2.25),(-1),(0),(5),(0.01)"", ""answer"": [{""command"": ""INSERT 0 5""}]}, {""sql"": ""SELECT SUM(t.n % '2.5') FROM t"", ""answer"": [{""columns"": [[""sum"", 701, -1]]}, {""row"": [""1.26""]}, {""command"": ""SELECT 1""}]}]"	1.26	yes	postci/mo/close_1527.md
1512	"[""CREATE TABLE tc_t (id INT,ts TIMESTAMP)"", ""INSERT INTO tc_t VALUES (1,TIMESTAMP '1970-01-01')"", ""SELECT id FROM tc_t WHERE ts='garbage'"", ""SELECT id FROM tc_t WHERE ts < 'infinity'""]"	"[{""sql"": ""CREATE TABLE tc_t (id INT,ts TIMESTAMP)"", ""answer"": [{""columns"": [[""result"", 25, -1]]}, {""row"": [""Table \""tc_t\"" created""]}, {""command"": ""SELECT 1""}]}, {""sql"": ""INSERT INTO tc_t VALUES (1,TIMESTAMP '1970-01-01')"", ""answer"": [{""command"": ""INSERT 0 1""}]}, {""sql"": ""SELECT id FROM tc_t WHERE ts='garbage'"", ""answer"": [{""error"": [""SERROR"", ""VERROR"", ""C22007"", ""Minvalid input syntax for type timestamp: \""garbage\"""", """", """"]}]}, {""sql"": ""SELECT id FROM tc_t WHERE ts < 'infinity'"", ""answer"": [{""columns"": [[""id"", 23, -1]]}, {""row"": [""1""]}, {""command"": ""SELECT 1""}]}]"	22007 for garbage; close text says 22007 for infinity, now row 1	no: infinity refusal superseded by #1567	postci/tc/close_1512.md
1488	"[""CREATE TABLE fo_f8_last (c DOUBLE)"", ""INSERT INTO fo_f8_last VALUES ('Infinity'),(1.5),('-0'),('-Infinity'),(NULL),(-CAST('NaN' AS DOUBLE PRECISION)),('NaN')"", ""SELECT min(c),max(c) FROM fo_f8_last""]"	"[{""sql"": ""CREATE TABLE fo_f8_last (c DOUBLE)"", ""answer"": [{""columns"": [[""result"", 25, -1]]}, {""row"": [""Table \""fo_f8_last\"" created""]}, {""command"": ""SELECT 1""}]}, {""sql"": ""INSERT INTO fo_f8_last VALUES ('Infinity'),(1.5),('-0'),('-Infinity'),(NULL),(-CAST('NaN' AS DOUBLE PRECISION)),('NaN')"", ""answer"": [{""command"": ""INSERT 0 7""}]}, {""sql"": ""SELECT min(c),max(c) FROM fo_f8_last"", ""answer"": [{""columns"": [[""min"", 701, -1], [""max"", 701, -1]]}, {""row"": [""-Infinity"", ""NaN""]}, {""command"": ""SELECT 1""}]}]"	-Infinity,NaN	yes	postci/fo/close_1488.md
1489	"[""CREATE TABLE t (c DOUBLE)"", ""INSERT INTO t VALUES ('NaN'),('Infinity'),('-Infinity'),('-0'),(1.5),(-CAST('NaN' AS DOUBLE PRECISION)),(NULL)"", ""SELECT c,count(*) FROM t GROUP BY c ORDER BY c""]"	"[{""sql"": ""CREATE TABLE t (c DOUBLE)"", ""answer"": [{""columns"": [[""result"", 25, -1]]}, {""row"": [""Table \""t\"" created""]}, {""command"": ""SELECT 1""}]}, {""sql"": ""INSERT INTO t VALUES ('NaN'),('Infinity'),('-Infinity'),('-0'),(1.5),(-CAST('NaN' AS DOUBLE PRECISION)),(NULL)"", ""answer"": [{""command"": ""INSERT 0 7""}]}, {""sql"": ""SELECT c,count(*) FROM t GROUP BY c ORDER BY c"", ""answer"": [{""columns"": [[""c"", 701, -1], [""count"", 20, -1]]}, {""row"": [""-Infinity"", ""1""]}, {""row"": [""-0"", ""1""]}, {""row"": [""1.5"", ""1""]}, {""row"": [""Infinity"", ""1""]}, {""row"": [""NaN"", ""2""]}, {""row"": [null, ""1""]}, {""command"": ""SELECT 6""}]}]"	-Infinity,1; -0,1; 1.5,1; Infinity,1; NaN,2; NULL,1	yes	postci/fo/close_1489.md
1567	"[""SELECT CAST('infinity' AS TIMESTAMP)""]"	"[{""sql"": ""SELECT CAST('infinity' AS TIMESTAMP)"", ""answer"": [{""columns"": [[""timestamp"", 1114, -1]]}, {""row"": [""infinity""]}, {""command"": ""SELECT 1""}]}]"	infinity	yes	postci/ti/close_1567.md
1566	"[""CREATE TABLE sc_r AS SELECT generate_series AS id FROM generate_series(1,4096)"", ""SELECT count(DISTINCT CAST(now() AS TEXT)) FROM sc_r""]"	"[{""sql"": ""CREATE TABLE sc_r AS SELECT generate_series AS id FROM generate_series(1,4096)"", ""answer"": [{""command"": ""SELECT 4096""}]}, {""sql"": ""SELECT count(DISTINCT CAST(now() AS TEXT)) FROM sc_r"", ""answer"": [{""columns"": [[""count"", 20, -1]]}, {""row"": [""1""]}, {""command"": ""SELECT 1""}]}]"	1	yes	postci/sc/close_1566.md
1501	"[""CREATE TABLE bt (id INT,b BYTES)"", ""INSERT INTO bt VALUES (3, E'\\\\x6869')"", ""SELECT encode(b,'hex') FROM bt""]"	"[{""sql"": ""CREATE TABLE bt (id INT,b BYTES)"", ""answer"": [{""columns"": [[""result"", 25, -1]]}, {""row"": [""Table \""bt\"" created""]}, {""command"": ""SELECT 1""}]}, {""sql"": ""INSERT INTO bt VALUES (3, E'\\\\x6869')"", ""answer"": [{""command"": ""INSERT 0 1""}]}, {""sql"": ""SELECT encode(b,'hex') FROM bt"", ""answer"": [{""columns"": [[""encode"", 25, -1]]}, {""row"": [""6869""]}, {""command"": ""SELECT 1""}]}]"	6869	yes	postci/by/close_1501.md
1531	"[""CREATE TABLE cm_big AS SELECT generate_series AS id FROM generate_series(1,4096)"", ""CREATE TABLE cm_p (id INT)"", ""INSERT INTO cm_p VALUES (1),(2),(3)"", ""WITH s AS (SELECT sum(random()) AS r FROM cm_big) SELECT count(*) FROM cm_p WHERE (SELECT r FROM s) <> (SELECT r FROM s)""]"	"[{""sql"": ""CREATE TABLE cm_big AS SELECT generate_series AS id FROM generate_series(1,4096)"", ""answer"": [{""command"": ""SELECT 4096""}]}, {""sql"": ""CREATE TABLE cm_p (id INT)"", ""answer"": [{""columns"": [[""result"", 25, -1]]}, {""row"": [""Table \""cm_p\"" created""]}, {""command"": ""SELECT 1""}]}, {""sql"": ""INSERT INTO cm_p VALUES (1),(2),(3)"", ""answer"": [{""command"": ""INSERT 0 3""}]}, {""sql"": ""WITH s AS (SELECT sum(random()) AS r FROM cm_big) SELECT count(*) FROM cm_p WHERE (SELECT r FROM s) <> (SELECT r FROM s)"", ""answer"": [{""columns"": [[""count"", 20, -1]]}, {""row"": [""0""]}, {""command"": ""SELECT 1""}]}]"	0	yes	postci/cm/close_1531.md
