file	matching comment lines at tip
internal/coordinator/arc_by_r2_reentry_positions_arms_test.go	2
internal/coordinator/arc_c2_subquery_correlation_two_path_test.go	21
internal/coordinator/arc_cm_volatile_cte_arms_test.go	2
internal/coordinator/arc_cm_volatile_cte_cells_test.go	1
internal/coordinator/arc_d5_correlation_two_path_test.go	10
internal/coordinator/arc_h2_window_declared_type_census_test.go	4
internal/coordinator/arc_j1_default_types_two_path_test.go	9
internal/coordinator/arc_sc_advancing_clock_test.go	3
internal/coordinator/arc_tb_deferred_subquery_failure_test.go	1
internal/coordinator/arc_tb_probe_split_sample_test.go	1
internal/coordinator/arc_tb_tablesample_arms_test.go	16
internal/coordinator/arc_tc_timestamp_text_compare_arms_test.go	3
internal/coordinator/arc_wd_window_consumers_arms_test.go	2
internal/coordinator/arc_wd_window_round6_arms_test.go	4
internal/coordinator/coordinator.go	13
internal/coordinator/dag_fragments.go	1
internal/coordinator/dag_merge.go	1
internal/coordinator/dag_scan.go	1
internal/coordinator/dagplan/agg_output_projection.go	2
internal/coordinator/dagplan/aggregate_shuffle.go	1
internal/coordinator/dagplan/group_key_binding.go	1
internal/coordinator/dagplan/plan.go	5
internal/coordinator/dagplan/stage_emission.go	8
internal/coordinator/dagplan/stage_types.go	1
internal/coordinator/dagplan/subquery_resolution.go	8
internal/coordinator/scalar_extract.go	3
internal/coordinator/scheduler.go	2
internal/distributed/messages.go	1
internal/engine/batch/pgjson.go	1
internal/engine/batch/type_mismatch.go	1
internal/engine/batch/vector.go	5
internal/engine/exec/agg_ohlcv.go	1
internal/engine/exec/filter.go	3
internal/engine/exec/join.go	1
internal/engine/exec/kernel/compare.go	3
internal/engine/exec/tablesample_test.go	1
internal/engine/exec/window.go	1
internal/engine/expr/binop_decimal.go	4
internal/engine/expr/binop_numeric.go	1
internal/engine/expr/boxed_pair.go	9
internal/engine/expr/cast_decimal.go	1
internal/engine/expr/cast_float_text_grammar_test.go	1
internal/engine/expr/cast_refusal.go	1
internal/engine/expr/choice_decimal.go	1
internal/engine/expr/compile.go	13
internal/engine/expr/compile_coverage_test.go	1
internal/engine/expr/correlated.go	4
internal/engine/expr/decimal_scalar_fn.go	3
internal/engine/expr/deferred_error_test.go	1
internal/engine/expr/expr_arith.go	1
internal/engine/expr/expr_bytea_bridge.go	2
internal/engine/expr/expr_cast.go	6
internal/engine/expr/expr_helpers.go	1
internal/engine/expr/expr_scalar_fns.go	7
internal/engine/expr/expr_session_fns.go	4
internal/engine/expr/expr_sql_standard.go	2
internal/engine/expr/expr_subquery.go	1
internal/engine/expr/operand_decl.go	2
internal/engine/expr/outer_literal.go	1
internal/engine/expr/outer_literal_test.go	1
internal/engine/expr/pg_integer_result_width.go	2
internal/engine/expr/pg_integer_result_width_test.go	1
internal/engine/expr/quoted_literal.go	1
internal/engine/expr/registry_declared_is_produced_test.go	1
internal/engine/expr/registry_temporal_unit_test.go	2
internal/engine/expr/rettype.go	7
internal/engine/expr/round_double_test.go	3
internal/engine/expr/scalar_coverage_test.go	1
internal/engine/expr/signature.go	5
internal/engine/expr/substr_cast_pg_test.go	3
internal/engine/expr/temporal_producer.go	1
internal/engine/expr/temporal_range.go	2
internal/engine/expr/temporal_unknown.go	2
internal/engine/expr/tier3_funcs_test.go	3
internal/engine/expr/udf.go	1
internal/planner/logical/builder.go	23
internal/planner/logical/const_arith_agg_typed_test.go	2
internal/planner/logical/distinct_rewrite.go	1
internal/planner/logical/filter_project_pushdown.go	3
internal/planner/logical/lateral_empty_value.go	2
internal/planner/logical/optimizer.go	7
internal/planner/logical/plan.go	7
internal/planner/logical/star_join_order.go	3
internal/planner/logical/subquery_short_circuit.go	1
internal/planner/logical/tablesample_explain_test.go	1
internal/planner/logical/tablesample_unbegun.go	1
internal/planner/logical/tablesample_unbegun_test.go	1
internal/planner/physical/agg_integer_width.go	4
internal/planner/physical/aggregate_declared_output.go	4
internal/planner/physical/aggregate_plan.go	2
internal/planner/physical/block_projection.go	3
internal/planner/physical/cast_int32_domain_type_test.go	1
internal/planner/physical/cte_materialization.go	1
internal/planner/physical/decimal_arith_type.go	3
internal/planner/physical/declared_output.go	22
internal/planner/physical/emitted_int_width.go	3
internal/planner/physical/filter_plan.go	3
internal/planner/physical/grammar_rewrite_arity_test.go	1
internal/planner/physical/group_key_binding.go	1
internal/planner/physical/join_declared_schema.go	7
internal/planner/physical/join_plan.go	1
internal/planner/physical/lateral_dual_projection.go	1
internal/planner/physical/operand_shape.go	2
internal/planner/physical/output_declared_schema.go	2
internal/planner/physical/output_rename_resolve.go	1
internal/planner/physical/plan_types.go	1
internal/planner/physical/planner_config.go	2
internal/planner/physical/planner_entry.go	1
internal/planner/physical/projection_plan.go	5
internal/planner/physical/quoted_literal_fold_test.go	4
internal/planner/physical/recursive_cte_iteration.go	1
internal/planner/physical/set_op_arm_decls.go	2
internal/planner/physical/set_op_types.go	2
internal/planner/physical/star_declared_schema.go	2
internal/planner/physical/subquery_decl_annotation.go	1
internal/planner/physical/subquery_decl_cache_race_test.go	4
internal/planner/physical/subquery_pipeline.go	8
internal/planner/physical/table_func.go	2
internal/planner/physical/temporal_declared_produced_test.go	2
internal/planner/physical/text_path_net_test.go	2
internal/planner/physical/validate.go	10
internal/planner/physical/validate_comparison_types.go	6
internal/planner/physical/validate_literal.go	2
internal/planner/physical/window_declared_output.go	4
internal/planner/physical/window_keys.go	2
internal/planner/sql/ast.go	1
internal/planner/sql/correlation.go	18
internal/planner/sql/fromless_scalar.go	5
internal/planner/sql/parser.go	5
internal/planner/sql/select_parser.go	4
internal/planner/sql/volatile_cte_test.go	1
internal/server/arc_tb_tablesample_policy_test.go	3
internal/server/pgwire/arc_by_r2_reentry_wire_test.go	2
internal/server/pgwire/arc_pw_param_types_r2_test.go	1
internal/server/pgwire/bindparams.go	1
internal/server/pgwire/bindparams_test.go	1
internal/server/pgwire/paraminfer.go	1
internal/server/pgwire/server.go	4
internal/server/pgwire/subquery_correlation_wire_test.go	2
internal/server/policy_masking_matrix_test.go	11
internal/server/server.go	4
internal/storage/ingest/from_query.go	2
internal/storage/ingest/from_query_test.go	3
internal/storage/ingest/ingest.go	1
internal/storage/parquet/date_parse.go	2
internal/storage/parquet/leaf_value.go	3
internal/storage/parquet/reader.go	2
internal/storage/parquet/schema.go	1
internal/storage/parquet/temporal_box_range_test.go	1
internal/worker/filter_compile.go	1
wadjet/arc_by_r2_assignment_matrix_test.go	2
wadjet/arc_cm_volatile_cte_test.go	5
wadjet/arc_sc_advancing_clock_test.go	1
wadjet/arc_wd_typed_null_ctas_test.go	2
wadjet/bytea_literal_test.go	2
wadjet/dml.go	34
wadjet/ingest_temporal_range_test.go	1
wadjet/vector_and_int32_doors_test.go	5
wadjet/wadjet.go	5
